centroid_lat,centroid_lon,circularity,convexity,fractal_dim,lake_id,lake_area_m2,lake_perim_m
70.50678984733571,-149.44875584337424,0.5005885345734531,0.885011886293967,1.0628859441839025,626180,1289.8399875798,179.9419411702051
70.13628221610598,-150.25546483038008,0.2700783529439586,0.6857833570365596,1.124792201553085,513659,5187.720510476019,491.30177022904877
70.01944213748259,-151.09808287119438,0.556274510393101,0.8539137462883898,1.0477106001621324,517753,1379.6807230389884,176.54265358352268
70.42936182850603,-149.00789181973298,0.38386397673451644,0.7231395651407031,1.0987746878575415,627738,1405.0581957814907,214.46844808699086
70.41751743671202,-148.9976637773737,0.2821622714178044,0.6499685190287622,1.1450162378587065,628049,1163.592945848218,227.64389116710316
70.41353325598692,-149.41436183494292,0.233580686683056,0.6521638796276951,1.1683307265223526,628134,1344.8685572078823,268.98396220845024
70.35202335637256,-149.48192284443365,0.40485935516192373,0.7676705194349002,1.0770914016867412,630044,5408.108527799449,409.7090353752883
70.3260800333325,-148.70560930222317,0.5352111198222262,0.900777126538301,1.044242147862121,631008,5818.932067810618,369.6272758705147
70.30824479240236,-149.04563414408636,0.3727029783388619,0.8498793203085605,1.0856984984304827,631650,5991.160739093155,449.4475177006551
70.29158293282727,-149.18118255133913,0.4031614500554029,0.7940776363067028,1.0767135767041423,632397,5959.685030055028,430.99981788014
70.25977294458356,-148.3916319059922,0.27407262143197236,0.7435147691485636,1.1206153115124033,633919,6176.8120817153185,532.1747926370714
70.29156111250374,-150.89586133150928,0.3877176863109753,0.7686525147654134,1.0999135239539126,506608,1170.5665697185307,194.78036900186444
70.07568679365643,-151.46359587818083,0.4176658396871995,0.8497154204038235,1.0621697207475767,515808,25792.127252244405,880.915061128971
70.02966138330422,-151.11227341085802,0.2575264944859177,0.7584239364784956,1.1290380348535938,517438,5661.202791892343,525.5914962850899
70.5060942720555,-149.44785081307913,0.2453149136163951,0.5748419885709626,1.1607368624541963,626183,1393.3411082737507,267.1601517867726
70.35342389936392,-149.76467803673376,0.5241915501824077,0.8361102634830284,1.0560263019429965,629976,1362.1966255022867,180.70901724645447
70.22461245386022,-149.31843776642359,0.2850533587583689,0.6795974479559548,1.1433244683226484,635379,1177.8761002922765,227.87236283560415
70.18339989377675,-148.4841828201793,0.36648144864931276,0.8564530023662142,1.0648332527613644,637316,127640.69530323631,2092.0570087093847
70.18685216836822,-151.8177912849111,0.27393828567176964,0.8115655809596295,1.0783623686166692,511723,687795.66119699,5617.049888643693
70.26854110187509,-148.3947952727524,0.25270298916000117,0.8243485054921389,1.0844203530181773,633680,681802.2165135709,5822.760763229722
70.21768300483375,-149.31574019661417,0.27763918870631726,0.9077511107780277,1.0774682055207943,635976,675469.878036593,5529.266748072802
70.25835794115373,-151.1893575629904,0.27156792747560504,0.866019179222034,1.0792306753847514,508569,662402.0929582022,5536.388285688872
70.25869082469802,-148.76597211343918,0.5036345418271755,0.9467430019273104,1.0329809247020416,634109,709725.5276592637,4208.16142409039
70.43409043558711,-149.86294860959825,0.3694831086555868,0.8796454151092683,1.0560115854402363,627729,702943.7836754892,4889.539229678123
70.40899987628265,-149.37995510331174,0.3805044286675887,0.9248827813397954,1.0540558795833708,628406,664219.2058087194,4683.610690100562
70.02738719587656,-151.7414055870827,0.4298112726196313,0.9423478527019167,1.0446284386434879,517641,735335.1280832357,4636.696695785545
70.09718307927491,-148.8388371845722,0.5224681024939439,0.9611291482633514,1.0301565998234177,643575,741925.1495034794,4224.303254893816
70.18571507782872,-148.72633368946558,0.3653316148607162,0.8822246277736872,1.0565167105424709,637358,761189.4779551517,5116.908981402776
70.16262827867318,-151.0961151466698,0.5116698505386503,0.95254177913486,1.0316361324718193,512846,762984.9121878908,4328.804707903114
70.25619464474357,-149.26587245182415,0.35865151798813694,0.895751863146839,1.057989407184906,634333,741881.1468742553,5098.421802810825
70.22841740490917,-151.5875841828165,0.4149596993277452,0.9250826633154231,1.0470795570921951,509904,768141.3009444748,4823.058506149953
70.2810420651717,-150.13129005582186,0.2836404713231117,0.8966638801000315,1.075254204916404,507585,754571.7958379284,5781.907200151791
70.11070882172879,-150.93905421985883,0.36310043733332553,0.7670606748767335,1.0894984708497157,514566,5543.523038667737,438.01045245120457
70.26078101663528,-151.50364206186615,0.53239180729656,0.8700170117824759,1.0446621212023857,508236,6036.69625017962,377.47562433863345
70.26198643079829,-148.0346751434656,0.254361721594122,0.7735765923043147,1.1118669594728594,633840,23821.451042259006,1084.8336807920016
70.06899004030622,-149.42726190553427,0.360643448972569,0.7908233265904124,1.0890596395307302,644741,6242.269080272984,466.377028387985
70.3457085112863,-151.51362210810132,0.2799655489212363,0.8195497855266202,1.1020742228447482,504026,24480.42768272653,1048.243398661537
70.30153907757843,-150.60622951338382,0.4134511566665094,0.8065919001926837,1.0639403087918575,506158,22814.759508248353,832.7234100505937
70.2660331118451,-151.67693980785248,0.3745715276084104,0.8394532951685619,1.0734772974062492,507981,23782.160859778396,893.2298071417231
70.1886094401336,-150.26053849869183,0.48870918315979717,0.885833356730843,1.0465401619370096,511519,26738.1121592339,829.1728101556814
70.07261215071475,-150.64970691855382,0.4165172871045148,0.8595047826158311,1.0621558978471735,515946,27021.470202861292,902.9067585084115
70.02240960134452,-151.47193347512197,0.4169252119013333,0.8616626136528728,1.0625836798812756,517662,24809.8252826693,864.7442956990137
70.39541542652577,-148.89788277621668,0.37079312830598854,0.7991330780905307,1.0737149896602673,628654,26416.264079340064,946.1822405464151
70.32609977034262,-149.23701469445172,0.26730764156318954,0.8271775270230924,1.1070582570518883,631026,23560.527775676142,1052.4264449218294
70.3214928120836,-149.1849416309647,0.4119522100008674,0.8927187483344996,1.0639441369561957,631161,24133.648542926996,858.01129576828
70.27713013377841,-149.37555499401245,0.2649539574255763,0.7371494659384218,1.1070741084680285,633109,25551.10932542651,1100.841026909392
70.20488422147939,-149.07813446240334,0.5284787184737388,0.9128828628674824,1.039441319382166,636231,23040.421775822248,740.1783754546443
70.13648726069441,-149.0348451449062,0.24936891375314502,0.839763505069788,1.1141454796055104,640845,23175.138297300742,1080.674596244042
70.09328390429741,-148.61098640557634,0.36455172792775103,0.8365419339783416,1.0758170224991959,643582,24918.137346988824,926.7938412045424
70.51405588281918,-151.88746324796264,0.5446993775397896,0.9073998293116866,1.0362901325685008,495201,23961.285151784818,743.5009816799552
70.37544908251583,-150.19884149743632,0.24806893832037955,0.7787716628116564,1.1147543517150211,502406,22995.497657679476,1079.294948558121
70.21080855248827,-150.05868408773222,0.48251675065932115,0.9030469846051442,1.0477864791026716,510507,26764.531921188067,834.8886576226333
70.43049591652036,-149.128887832621,0.5510042226299925,0.9222325111850814,1.0346922151873872,627723,27362.847471136316,789.9654788954285
70.27099149166575,-147.92541196185388,0.5456069686126698,0.9603334951280283,1.0362842669254362,633421,22924.046608818953,726.6254737360755
70.17405614391987,-148.74851418178267,0.565136279905786,0.9292006124869605,1.0326591787912227,637863,23802.153871903745,727.5058115877614
70.14187224101416,-149.42458980680053,0.4956196532984968,0.9221481925642256,1.045395531019079,640352,25376.300385847306,802.1301220012973
70.12022770855924,-148.99219977148178,0.4161506942763986,0.8191948316669585,1.0625044459404325,641963,25888.93579914202,884.1719226033343
70.42705019944574,-151.60780604151768,0.36337096260461305,0.8225250043649994,1.075880715618944,499288,25786.539001574594,944.3355743624093
70.4125333923862,-150.25654577573712,0.48454713340484673,0.8991574045279885,1.0477085158549495,500160,24921.28812477801,803.9372664847002
70.34348234674835,-150.33927259196273,0.4777051924828018,0.8871273248543324,1.0494898216656736,504129,23073.727089914653,779.0831774647285
70.2521791217576,-151.7347960959874,0.24068196093003918,0.8097567315389896,1.1157660640242906,508718,27348.506105317385,1194.9506382131058
70.25124919099737,-150.58059539430238,0.5257464176310505,0.9221435038773299,1.0395756814595245,508720,25384.13787796935,778.9291915000032
70.24296159924519,-151.07417342242402,0.4863560471124204,0.9189907447063007,1.0475321751866837,509074,23924.076860258465,786.2223157850525
70.23392994761483,-151.94303560802754,0.5126890537941264,0.9031980594863341,1.0420655186997911,509541,25322.566375167906,787.8286469714633
70.21228356672208,-150.7014093392197,0.3995115016974375,0.8874806356851666,1.0670445403085593,510449,23910.60732066039,867.2325943096661
70.18744741742879,-150.47053859185553,0.5023572584931418,0.9043643153128373,1.0441588717224968,511567,24829.982495414755,788.1099269217947
70.1588278412735,-150.85053341216195,0.5553723271367771,0.9158579239921162,1.0344352683660396,512852,23479.18908021598,728.8771921196927
70.03721232422302,-150.9459543466853,0.42093641911685,0.831098913620117,1.0618544299572374,517186,23944.591283757884,845.4742693507516
70.03234597175127,-150.99351682843968,0.2763621718786303,0.7573014618901647,1.1025207170355893,517378,26581.63310802838,1099.40184932907
70.01926409731112,-151.31936930830332,0.25654663064366773,0.7614633898337559,1.1105623421003656,517767,24832.402908886685,1102.8873297364084
70.46395973480904,-149.91712219847935,0.27316795064792326,0.8568812073311437,1.1038113898566353,626912,26194.270113654693,1097.7241291277078
70.37678820099451,-148.76196376596909,0.39596988825376456,0.8238626482204766,1.0674160636083545,629227,25812.062529577575,905.0763270743254
70.36639640607534,-149.79607644910945,0.5275488192209512,0.8812844841831445,1.0395030442896245,629575,23715.682341376145,751.6080391496001
70.31681769027126,-148.92661300821695,0.4923983244880222,0.8974813939671716,1.0458703218708425,631321,26337.68179222257,819.8519272644259
70.28307158494344,-149.64297383848347,0.4808538232851331,0.9109936871429358,1.0488062512537444,632806,23215.004794665536,778.9019374626231
70.27514219715735,-148.36426957942862,0.24866195518213097,0.7175439141269006,1.1143169933894435,633210,23402.317609562142,1087.5010740391128
70.22718263417991,-148.02868000748433,0.39240628548520234,0.8649155136585307,1.0684181915358446,635283,25385.616711093757,901.6351073100985
70.21719475246616,-149.36091464338938,0.5686158314838065,0.9312932062239627,1.0319865640267445,635716,24283.314794540885,732.5705292052828
70.20880446810743,-148.4935628470048,0.39585983893198373,0.8218201085945386,1.0677641253735377,636046,24600.46864180665,883.7021273385224
70.18691778285132,-149.200407783835,0.4261558108968413,0.9146249687942397,1.0608279537472334,637135,23180.48151318715,826.7647489443948
70.17035637130509,-148.88654955020138,0.27339222444149336,0.7747030251766279,1.1045152361850006,638133,24268.459798478514,1056.1678905981364
70.12554589091039,-148.820519399445,0.35784836500730227,0.8550809817776938,1.0783355889090807,641677,22806.335029311384,894.9178350175793
70.10382678238672,-149.48288987801936,0.26443859691754,0.7344192703741782,1.1074555306971927,643019,25097.720996071992,1092.093075553319
70.39711241094656,-151.36312578182833,0.4231905677221679,0.8500881327817874,1.061494116076062,501143,23288.844139886463,831.5931619042739
70.39201181657234,-151.5579673622708,0.5268772448312928,0.9052433061878206,1.0393023306096618,501523,25790.18117245875,784.291317798627
70.16296853372826,-150.06758152907807,0.48556590923333515,0.8840555902799264,1.0472849686389334,512663,26101.252482788568,821.8858658079093
70.38927511748685,-149.2694124145923,0.37365692774378045,0.7973386339651909,1.073097243843075,628853,25913.70489866726,933.5405070583159
70.24194458913291,-149.9126123933933,0.5729346578469353,0.9200783801312002,1.030823861418419,634728,27804.49878716638,780.9260680623968
70.19476256730267,-149.26937693159223,0.3913349725387156,0.8820364223478534,1.0692536539598745,636764,23366.613437752356,866.220561353025
70.1585529947461,-149.48353751028114,0.48495497846693614,0.8911122849408403,1.047662135373506,638927,24727.630649657196,800.4707620832364
70.3834245135551,-150.83251382961473,0.5264716274077224,0.9282326560289134,1.039650493489772,502003,24052.144223898154,757.6948686825928
70.38154124958702,-151.11004854953802,0.2649472680178596,0.7809411038236074,1.1072417041515459,502121,25154.99141188772,1092.2883354979112
70.34627312791885,-151.00388771435354,0.2700927561143629,0.7735864314561024,1.1060028212483333,504031,23618.429026942867,1048.2719557910077
70.29294014833364,-151.19575665388055,0.23459296745465222,0.7906355597922612,1.1185631972280001,506579,26675.93263702498,1195.383463352119
70.18311876108609,-150.7235494160935,0.49200508562411877,0.9192286669967407,1.0464790482432187,511789,23450.243103735116,773.9159738644571
70.15995899446362,-150.22064835129268,0.539036618109149,0.8983163754886495,1.0371780396935224,512793,24945.5949057894,762.5928522179674
70.05524943659677,-150.95327906975112,0.3945419169645229,0.8303926059990852,1.0684198255181037,516570,23443.939814067777,864.1192016350775
70.04728272181232,-151.81569230311976,0.42329041356596553,0.8961135656238043,1.0604685226914432,516873,27512.10663572554,903.7486022224866
70.02296917405567,-150.98470893431866,0.2588743741110602,0.7612330140238774,1.1097825562907213,517645,24575.62716829373,1092.2264915232308
70.41047704479523,-149.14677418508035,0.5283220606075605,0.8962872103742603,1.0388903322567118,628234,26767.495279468094,797.9201392406146
70.39134979452565,-148.82910966321563,0.25635171964004166,0.8075477231997669,1.1115656316658096,628819,22827.25840810977,1057.8246720826978
70.38847515720428,-148.88770203177233,0.3600251853984893,0.8572761170717806,1.0772648032093832,628878,24230.57400469694,919.6452707668548
70.3745460983869,-149.36051337981735,0.24390682796367458,0.7342828361769129,1.1148700584436488,629333,26376.737308930544,1165.7448083180007
70.36974485339226,-149.24335162978323,0.27357175536195083,0.7999636393499373,1.1035232367787318,629488,26564.85298900435,1104.6457141447515
70.35019570072068,-149.19310116679665,0.4213637647071734,0.9073404734878766,1.0615759501573985,630113,24652.208445038268,857.4410170163594
70.34073777560202,-149.91944222780876,0.26506928554811265,0.7638178790864475,1.1074606756310716,630450,24535.57709629694,1078.5079901928186
70.22298820284789,-148.7365509147943,0.24915991832697795,0.6979030176173081,1.1127583837240023,635492,26420.9196443611,1154.3561131746349
70.49853761575827,-151.85772653941126,0.27518489141001035,0.8050827915816356,1.1033968038173814,495838,25411.070770849165,1077.2192901816238
70.38817075116863,-151.57676067816635,0.36323376759475495,0.8106968440021087,1.075495272199107,501745,27295.303811486527,971.7527774827292
70.36252333262837,-150.09686275256706,0.4194308638602381,0.8640813121716493,1.061748310884135,503077,25818.701253627605,879.5123370293021
70.35681836554404,-150.56733499873405,0.4943301162989219,0.8739467245683749,1.0456246083113756,503421,25533.664799820173,805.6621730527013
70.25531827668779,-150.69606314230722,0.4134108589676099,0.8509046514784055,1.0631572316903117,508502,25877.54169050618,886.9017268638411
70.21198678010202,-151.23750416413267,0.5103896465624438,0.8849191569170382,1.0423079367462555,510439,26571.659198006408,808.841341558078
70.06836466951458,-151.49667507404138,0.5747853157788637,0.9310142326684983,1.0309678815808505,516112,23890.244349712837,722.707223618144
70.36017779164327,-149.82506524990703,0.42591396239955165,0.8894028738780261,1.060353956192684,629792,25321.495980299675,864.3480833075682
70.33532675476735,-149.3543077442009,0.5705023726842939,0.9236221898764513,1.0314928440477358,630657,25608.260635656374,751.045494581592
70.29535996540359,-148.9034426335253,0.2567454448731137,0.7553169586101424,1.111398678460072,632237,22856.12730020734,1057.6814352417957
70.29419373350726,-149.62066866915043,0.4812953814609847,0.8791880267430442,1.048138383494599,632270,26185.34803861402,826.8529120115242
70.21567567868196,-148.10565153045638,0.4297165528008113,0.8505088021898736,1.0590103072224462,635772,27437.203970914732,895.7438114303716
70.18529322407275,-149.27340047564076,0.49496907958247865,0.9197623424087262,1.0451222625942613,637207,27780.791892192046,839.8238574041603
70.14832120259409,-148.6857520739318,0.4940491141131589,0.9281440594567404,1.0458272945115776,639785,24717.8024108916,792.9116478861218
70.09906344048245,-149.07363842490432,0.36369220959113735,0.9040426081361501,1.0764880339110423,643309,23515.212115317456,901.3892681375281
70.44384949481022,-150.88623285706169,0.491898179976106,0.8950170721292809,1.046151297552778,498382,25306.236837910714,804.0463935272987
70.35926821144089,-150.46500713088827,0.2600756497041869,0.737737409524727,1.1093459601994917,503298,24527.157026183486,1088.625972977592
70.32544420964675,-150.96742612645443,0.2836155084306965,0.7456594044091963,1.1009912253171976,505041,23998.361761956716,1031.1711229116202
70.48243404992952,-149.63204394914365,0.4049544239044059,0.86167817035397,1.064716099994916,626487,27881.708450248196,930.1683304229392
70.13688814039064,-148.56214926516506,0.23635135685439307,0.6533171123008037,1.1178803314270294,640834,26561.1985781281,1188.3646280639268
70.25208991847516,-150.46224231819593,0.5541043541417333,0.9352586518489799,1.0341506506944547,508638,27300.87899990097,786.859994799518
70.215026334466,-150.80470216996875,0.5077803626356274,0.8914244952540207,1.0432727812451708,510302,23834.62716880186,768.0175827666641
70.21145612691082,-151.2320064481047,0.5653873493605074,0.9295662487284376,1.032447742535989,510461,25072.076782693322,746.4952406053413
70.48410628940188,-149.8342849296472,0.23407572234384696,0.7754966125963028,1.1187743981777016,626462,26688.251766240588,1196.9797654042754
70.46665868932563,-149.61753187088672,0.35908147323262113,0.8042547977667373,1.0765320459576493,626834,27620.78836413661,983.1651321973587
70.1312061666796,-148.5071564955903,0.2661962982210573,0.7667055870562731,1.1067049438494365,641219,25329.029215936174,1093.4859281971053
70.33925047232745,-151.45671481543212,0.4294207747480834,0.869011980028806,1.0600433037887476,504339,23278.879400445363,825.3619462771494
70.1809500623086,-150.9587397459018,0.2762126498772906,0.7154789981737849,1.102916047509383,511910,25696.222654175126,1081.229268028213
70.16886040510516,-148.46548426913589,0.269693122872703,0.8730051302996049,1.0913947624994413,638256,120028.55970252473,2364.8973428063214
70.33008128603971,-151.8046578449616,0.37693091573391485,0.835270173868353,1.0630239097025869,504894,114510.13060370261,1953.8715408676096
70.2776911095148,-151.81463662271318,0.39742591099155083,0.8943123086605808,1.058600515305762,507490,111766.67030046978,1879.892430720798
70.42509471311348,-149.13887298117191,0.4200595014536468,0.9283046027558942,1.0536400747070105,627930,116604.90528186118,1867.7035143309124
70.36602258402023,-149.6490872774174,0.4247845336312376,0.8983336776131869,1.052813428119771,629630,113250.50301415278,1830.3774385063814
70.20238342548564,-151.76349629483846,0.36000477914071405,0.8804661470090414,1.0667603350901265,510892,118739.24671435596,2035.860159770606
70.04225581274483,-147.98459225813986,0.2768322431302147,0.8741896286401688,1.089595580069866,645952,113406.47282929908,2268.900849595267
70.25666657672696,-151.12426820237843,0.3894920273254462,0.8768205119740273,1.060101673401172,508509,116932.14480575167,1942.328146835575
70.288765449459,-151.86830186163112,0.5371595658395587,0.9377444990154962,1.0325300357530958,506833,117983.8324450919,1661.3629632910672
70.34509684007426,-151.36715593655117,0.26159746561857605,0.7404477846490924,1.093722116753985,504103,124274.75125183561,2443.315877439059
70.44957044256003,-150.52387980902049,0.38874223183979845,0.8892079935688111,1.0600340191483,498161,122344.57203967837,1988.6869471262576
70.28292349713233,-151.63132817035086,0.4320985469090914,0.8842829174039861,1.0510510588776414,507196,121139.24891096343,1876.9641055770376
70.06070774606926,-151.75461465730172,0.4254233201152876,0.9017021692411289,1.0527728567122572,516381,111060.46927004907,1811.2318136143424
70.18701294151882,-148.153081620686,0.3715652799673312,0.8422985408050416,1.064044600892164,637169,118971.664662543,2005.8993533625046
70.34055842795786,-148.75768711102594,0.2570589800353486,0.7699863005669678,1.0958019760827213,630477,115643.72969295316,2377.6590986788237
70.42165276479801,-151.77514135582774,0.39516964377541336,0.8652739268403863,1.0588845848482165,499676,116398.94305915099,1923.922894239991
70.2887882314181,-148.2461556527905,0.4153270993505583,0.8809600444038773,1.0542648274534643,632566,125620.35729191758,1949.5743829940066
70.25302051570476,-151.38349547109195,0.42489789193723837,0.9288646643212545,1.0528802509454005,508672,111035.57762249152,1812.1482412652276
70.20200572787128,-150.98114827499933,0.2513926172241945,0.8275008736262478,1.0977807368009358,510942,114725.7248065583,2394.743909400545
70.09823747878747,-150.8083653710099,0.5239079964618826,0.9494191148464249,1.0345118108970712,515046,124428.02884389476,1727.573481804856
70.23100901493633,-151.36748311533415,0.42739964668501906,0.8994360793274122,1.0519617792949385,509684,121780.79018488762,1892.2444775870872
70.46838470759585,-149.7003232488686,0.3605619494315599,0.8852348380049138,1.066741484525213,626819,116403.07525876274,2014.1750524320014
70.28437320395545,-147.96985660834645,0.2678687818762889,0.8226810196849859,1.091517834610447,632743,127251.76459448179,2443.2943310160886
70.13806054236166,-148.48764338933145,0.2348922357438337,0.7953889941800875,1.1029543792305878,640848,123532.62152431223,2570.759385999661
70.38660991622487,-150.91120727144374,0.2801895696083245,0.7168382516712231,1.0884342477723734,501858,115296.54795401735,2273.9824164214683
70.32582331693149,-150.00266384559055,0.4230438636250282,0.895188377998601,1.0529628661675083,744935,118426.94643446285,1875.5882259617372
70.37573275767946,-151.38088426855526,0.2835300375293397,0.7963754099477103,1.0870509876021333,502453,121093.8762824763,2316.682323851519
70.27936693638945,-148.80919832996702,0.5520130014565162,0.9448784358766016,1.0299838223650433,633028,128067.82446634393,1707.459041756036
70.06142188169507,-147.94627957458883,0.26976645699045304,0.8316659561108293,1.0917724441184038,645228,114049.8236767773,2304.932794326911
70.313904792354,-150.34076077052072,0.2609383918536706,0.7484969953018428,1.0944504721999428,505651,116599.51464860185,2369.650587186266
70.14991815386053,-151.8790308240111,0.24200934534702198,0.7005438442712332,1.0999160395444894,513261,130880.09313734008,2606.9077385953933
70.32461083436334,-149.32642634998737,0.24608919203189872,0.7396970962395235,1.0998310429276354,631065,111815.8097066166,2389.517790824395
70.26997276964448,-148.74414348611205,0.512129804940085,0.9343375983929281,1.036623644828139,633494,117696.40025836848,1699.4034526499763
70.17339236566451,-150.87307911007312,0.27776760932990535,0.7406654898580808,1.0882576397630215,512288,130216.26034647055,2427.150692828102
70.35484394173972,-149.97514056909367,0.5610510072492613,0.9343863499317201,1.0288313368629545,629959,116673.05133508464,1616.5496089213846
70.30815455655977,-149.66895798516742,0.48368523806330116,0.9204252380989038,1.0414813768386557,631697,118910.01450702907,1757.6513478607621
70.3035760961569,-149.73428322594808,0.24844488799215425,0.8881145525406186,1.0986800767095128,631992,116267.49795992515,2425.0408727248127
70.12377559119619,-148.34930424466566,0.5253343688536495,0.9424275574408211,1.034032645428357,641815,135505.46837221493,1800.385205882384
70.21627075035211,-151.2688210355143,0.26254428576144456,0.8206928644303575,1.0931134472954749,510354,129072.38698000067,2485.537487539452
70.0893587034164,-150.66417872802762,0.2470923864544164,0.6756885951068806,1.098936966787938,515340,119197.62030982104,2462.119017322987
70.44538961464981,-149.79430471680894,0.37014189416870175,0.9116564915593945,1.0641282377851757,627422,124399.04164986014,2055.0828157992546
70.34771336671517,-149.35217718541577,0.4335336193255695,0.9309259471124729,1.050423565174171,630250,131215.75567236386,1950.2331497357627
70.31589654604377,-151.46472080763024,0.49323632240474424,0.9471935429824577,1.0400187778597283,505465,111815.17784589784,1687.826440371597
70.04144310489741,-151.0526222488955,0.24205934069883903,0.8049569747771623,1.0998830637574308,517107,131118.73721349295,2609.013870371377
70.38240882135075,-149.02173066171474,0.5440201851582901,0.9426317797484768,1.0314299319276656,629083,118571.60049394358,1654.9610084578171
70.21213816290813,-149.5367366519343,0.5084291720538843,0.944113241296988,1.036893119931373,635977,131551.54002994657,1803.1741376024424
70.3705066340425,-148.63818616877566,0.48407453981726495,0.9148925302969911,1.0411978592218523,629462,126375.85800392523,1811.2603074766926
70.37928014729036,-151.1229922985838,0.37491194973757597,0.8894189049425891,1.0627143324135926,502307,132131.99859734648,2104.477527338385
70.39088453494703,-149.59237838678683,0.4298986930047429,0.8841015574740763,1.0512311644569832,628847,128434.75577787626,1937.5956542830843
70.35145526089893,-150.8156515207732,0.426716684720583,0.9027915928059294,1.0519171293647247,503754,126861.62127655906,1932.8593324912156
70.16493751341244,-151.00229127904564,0.24982262089179705,0.7883588980320121,1.0972514621214489,512736,130368.8089912473,2560.801413622469
70.28230736397545,-148.62876815274672,0.48364823997738404,0.9197435091303073,1.0413305712755978,632832,124319.859389834,1797.2578173446902
70.42756547066692,-149.1206535420895,0.26657956450531545,0.8858856783407052,1.0918846891229244,627887,127963.52456803794,2456.035284203481
70.32591745286345,-151.48671028815818,0.27216355596635544,0.7472576720821276,1.0902404790581541,505053,126000.09451911238,2411.9893294080816
70.44849798349604,-149.6062677031311,0.5325745393217357,0.9288825086638598,1.0329809159235095,627295,130426.77590762415,1754.276764851956
70.39101154804501,-151.73020965402242,0.3940569886127036,0.8611449395165042,1.0588271726800218,501592,123511.96896133557,1984.6317618170388
70.48843894788092,-149.56534084926875,0.26806045393504957,0.8329078299398247,1.0914671852431372,626415,127084.98225775675,2440.819554527626
70.37443031457944,-149.56906922687412,0.2540531470072422,0.8616944497335831,1.0958165965099227,629372,130515.41184487936,2540.8179072771604
70.39544354786531,-149.92290696062815,0.40110503200021924,0.8866206535998887,1.0569031785957634,628686,134451.9556736093,2052.387867212576
70.36654354140613,-150.82953504951504,0.41685433665933097,0.8563758761153302,1.0540804517625884,502958,122171.11918769384,1919.0975289263956
70.3475172494697,-150.18563109768274,0.5045501189373497,0.9306599542013935,1.0377534996961304,504024,123178.95269654923,1751.543909798244
70.46845355965907,-149.32408697732467,0.2549052102202327,0.7755278761736678,1.0953597309375436,626822,133328.14972033052,2563.754890770347
70.44105189811327,-149.89547508738832,0.4133978997403805,0.8691949690744428,1.0546183655669115,627505,126787.07806110178,1963.1717487874444
70.2295176151093,-149.32146309327018,0.38709664103280866,0.892739185584171,1.0601369742494693,635265,128679.72395951718,2043.8559840146274
70.26277901465751,-149.20920621942648,0.27982389796146895,0.8247091706566271,1.0875677293931894,633907,131335.42359599646,2428.5859074198493
70.04647035352899,-151.21952021336233,0.4232201527536193,0.9195745302074682,1.0527516225526758,516910,123122.4099096006,1912.0106894254773
70.20386165448724,-148.41635644397974,0.27534431471368803,0.7583006610118168,1.089119970531355,636338,128196.48057382077,2418.8276610921757
70.3139836315846,-151.44827255836233,0.42374106086042207,0.8904930315320491,1.052231834122883,505638,135134.5042146832,2001.8788145754227
70.2237260932072,-148.86328688549605,0.4887660946338348,0.9530290277288518,1.0354091263991925,635577,656739.5366532058,4109.140371265945
70.19203980488756,-150.98388051003954,0.4246355071989494,0.9026518807321289,1.0458926597696674,511543,659974.3469892098,4419.369421546423
70.31906572054044,-148.8097587776686,0.48635673596259404,0.9542858664506951,1.035598455036406,631446,702653.1360747328,4260.866810529866
70.28484994508189,-148.39030831337269,0.269348470956728,0.8484160187545848,1.079609573410832,632910,688944.7043486541,5669.436010543988
70.33396434455112,-148.7243160667854,0.428912113798629,0.952217594748153,1.044821728082394,630909,726905.4285258724,4614.872767524552
70.05073444769035,-148.75228032875833,0.4899223384662796,0.959841799087155,1.0348523693487075,645665,760118.1052868722,4415.519932491794
70.21618120200165,-151.29704191277116,0.48696393569030544,0.9377141849904868,1.0352485118154977,510377,775200.6050504843,4472.636299136076
70.33255158746337,-149.88552211529952,0.42136604564152097,0.9535242754342433,1.0460327828800198,630971,749434.6792987997,4727.614506746489
70.51657491663583,-151.9423410983372,0.5680266782772772,0.8429205787466875,1.0458587594959905,495091,1171.0549872438846,160.95675553924195
70.47198510398592,-150.6429667357811,0.2586538157672528,0.5970381642846894,1.156688450637233,497058,1198.2176614860944,241.27556735310367
70.45074738034648,-150.81477602089484,0.2585258787638487,0.6766691176347128,1.1291374687944067,498061,5457.494676116776,515.0502245590076
70.40829982102498,-151.3811972676894,0.5369785784164056,0.87514603165892,1.052523670759896,500413,1393.0651744279094,180.5561015910236
70.40775226090356,-151.04176238995385,0.39585369960064776,0.8268330611045103,1.0957672162616376,500453,1279.579182176677,201.54459734525983
70.40510914830139,-150.7840050316762,0.4014353199974395,0.896216337373434,1.0936399517118476,500622,1296.322496930776,201.4436911224424
70.39903429343708,-151.75873917763755,0.25434165361405964,0.734318647718909,1.1305170260633313,501063,5646.630488001328,528.1908470333066
70.3969722271978,-150.8504224895361,0.4964743404415079,0.8933654401155233,1.0529626470771511,501152,5767.8046008844085,382.0865919188987
70.3865519521053,-150.36515499626248,0.36511734351950575,0.7602700457390625,1.1083523801870268,501777,1175.287395044199,201.12253749220977
70.37767246744488,-151.6670350391829,0.42679738998084316,0.7876507692279795,1.0843669956381303,502276,1378.718573718699,201.47996545657966
70.36001141668348,-150.1752051836931,0.25480503666369053,0.66758517460298,1.1294733348704904,503214,5969.35068754177,542.5808663050015
70.35568935298119,-150.542422867474,0.36289997085106757,0.7865613970130605,1.1064698962085775,503453,1410.180410968065,220.97788069185162
70.35372867818108,-150.39973529823095,0.35489549526083985,0.8215315857409897,1.0918684678314479,503586,5691.852012396662,448.9329566262749
70.35320243719754,-151.70772025218562,0.42233925040892206,0.8391958961092163,1.0712989822080181,503601,6009.715243803018,422.864431590016
70.35199043255297,-150.62604816011415,0.23900890299771804,0.6006324609985018,1.1683209047985554,503666,1173.7830701699488,248.42300644291493
70.35149380725522,-150.6152722266719,0.3958759443700338,0.8171551503181057,1.0958465217703828,503676,1271.2813989694728,200.88440456490508
70.34476784361568,-151.15982637787445,0.5316975718956807,0.8767879057237893,1.044860191510904,504059,5980.511370520906,375.96009763345313
70.34414763868087,-150.54658406655008,0.24713512467315749,0.6226728303205737,1.1628757644340204,504088,1210.7594411420328,248.12277328506002
70.3382283527633,-151.3115390908392,0.2538730903571739,0.7793150772899655,1.1302480236780081,504367,5830.239594626765,537.2046935665028
70.32663800711323,-150.45668756911678,0.24951502060193936,0.6158051201545702,1.133329525075388,504971,5433.198582867822,523.0995831222864
70.32550813084163,-150.02723380249068,0.48794281605425477,0.7766765847359867,1.066604150066348,505004,1269.769265492614,180.8351593903486
70.32454603552603,-150.849928771044,0.2746819212681889,0.6202134614365014,1.144728468133208,505055,1420.7670110668073,254.94783370648648
70.31786007937552,-150.44166719729537,0.38707530881392455,0.831023253118372,1.081282904749651,505343,6033.287505725476,442.5722792858151
70.3122136872736,-150.02610189492594,0.3876568150202446,0.8139265077575081,1.0808171637083244,505639,6226.92935993665,449.28114183622836
70.31104168634718,-150.6557540204569,0.5021807996231209,0.8139692582185837,1.0622280029204294,505668,1322.0869471217445,181.8883523219676
70.30020634626997,-151.6242571058059,0.5036098416661576,0.8646255143404006,1.0518545352347304,506200,5270.681740928397,362.6529580577656
70.29050512820533,-151.57277057049455,0.5407617832240714,0.8488229963772487,1.0514872059880396,506665,1406.183692584167,180.76858762802598
70.29041089400201,-150.5956324852165,0.23524270553762222,0.6978771715643897,1.1684101474283786,506673,1285.0506299036374,262.00342501474097
70.28553274781105,-151.77769106905,0.2384901258937203,0.7188514694980134,1.1381516066037716,506979,5581.483081440795,542.3061591844811
70.28018192843379,-151.21031362383232,0.5374968382637576,0.8911782921401498,1.0439242804327418,507257,5622.798890606904,362.5711551897453
70.27793853568649,-150.22131889800815,0.23555522138831125,0.6225260103703276,1.1683026999440318,507374,1280.7938667188398,261.3955464243176
70.27773653859224,-150.0695132126463,0.5033947991918652,0.8671884937378076,1.0516983610562183,507380,5453.783540347871,368.977189303138
70.27063340557491,-150.59520749217577,0.28018794902215666,0.6927999328018891,1.1426470431556601,507748,1374.3526957274062,248.27289319599038
70.26618622935412,-151.46664243591567,0.5779485858087057,0.8966164133228204,1.0353810127569592,507957,5817.6853916102855,355.6603448265399
70.26323663422222,-150.57455044696724,0.5275597238391322,0.8743725903553432,1.0461683391736016,508096,5536.304502977146,363.1441900628323
70.26215766498608,-150.02265000109537,0.5673184786737585,0.8790006274391153,1.0379074128528656,508174,5327.528641192347,343.52184830253464
70.26015716668027,-151.61031092351257,0.2435293258926263,0.6550219578714445,1.1368357752047762,508261,5204.938922779675,518.2473827962563
70.25447569148419,-151.2188931589694,0.2413442053709374,0.5624566111257822,1.1373518571826253,508520,5382.086623431395,529.373059510655
70.24070616722163,-150.62756805553153,0.5258366043836868,0.8364265560728491,1.0554386621766159,509170,1389.6842892434026,182.23743685013798
70.23249391654588,-151.80292910051057,0.279128737365746,0.7220481935006063,1.1441742484405053,509579,1306.9716020613694,242.56924258653018
70.2317757032194,-150.85783455408952,0.2840640084408475,0.6074879373513334,1.1438854018230133,509625,1173.8730541632378,227.88062047610552
70.23017661803202,-150.15431194948692,0.268678594637012,0.6593964829344271,1.1504426395957834,509676,1249.0341514781942,241.69939014047213
70.22758554883094,-150.46894295428243,0.25344701825880617,0.6890291606284181,1.1563806032758204,509771,1383.7949764150135,261.9372198737599
70.22341461700876,-150.582599202797,0.3907010639028755,0.7518255617189307,1.0986634164372893,509931,1184.494954248001,195.18626002779675
70.20524483920865,-151.9396734871428,0.2473562027414972,0.6552457753447721,1.1627167100456588,510713,1212.5090482948513,248.19099690266523
70.20192503573396,-150.4965194803358,0.5691072889159791,0.8622691641924545,1.0449859209556456,510851,1287.5586531876272,168.61312171018344
70.18942218564528,-150.05699376930522,0.3770725392770231,0.7285019950428413,1.103190401142424,511462,1224.971955242414,202.04846352924014
70.16721318977967,-151.41802266427865,0.5502021771558064,0.8751891965288533,1.0408908432316255,512493,6025.660120515757,370.9762402802875
70.16440082086311,-150.05308096368617,0.2611754011199502,0.7925084784867497,1.1288480786043116,512632,5140.656189829166,497.33391494048516
70.15599639112037,-150.59007589465068,0.40147524965586745,0.7530498949754583,1.092842952764254,512954,1377.1095935859214,207.61551045805902
70.13115695495647,-150.90204047962433,0.43024667579127895,0.797361078707117,1.0831555826218033,513849,1390.5054912145986,201.52666798257854
70.11554183832332,-150.73789915426124,0.39786195016557474,0.7609716083798866,1.094886829443011,514422,1296.3854535068554,202.35120880151754
70.11063900307036,-150.74512145604268,0.2853996522397863,0.7193905406751439,1.117197208900087,514574,5639.667689933688,498.31615798018595
70.0825100974629,-151.58079407503115,0.5086416051141951,0.8482125179572185,1.0499485308532188,515543,5990.29826288515,384.70091114750676
70.08074771740314,-151.31397472718064,0.4080258619856528,0.7881530681930319,1.0911541216569298,515609,1318.3010564226602,201.49690817535821
70.0796057913556,-150.93469441181918,0.37896962323375566,0.8215285081403537,1.0850934615990893,515655,5239.249600878567,416.809180976137
70.05387461741249,-151.7598362596498,0.49870765302756254,0.867328257711498,1.0630505412853388,516603,1343.8322116630768,184.01551398117726
70.05265656560093,-150.89053651600364,0.4153016464458813,0.8150859119657583,1.0733173410947259,516654,5947.885198500624,424.2329474351005
70.04678762674654,-150.9186675756008,0.5144183654408755,0.8904401022294341,1.0593088661296215,516861,1254.8231625244393,175.08057440839755
70.04225085475846,-151.66015134781196,0.24208529260303152,0.6205480175145828,1.163548396320143,517017,1334.136201630126,263.1605671259346
70.03868845212656,-151.6642761261275,0.24671154491005295,0.6280282289831084,1.160547335011031,517142,1356.4758330341326,262.85498997573103
70.50237797926486,-149.46670395675997,0.28646335992643174,0.7670245412529323,1.116941498472186,626197,5567.2457156041855,494.1861686534756
70.49788839098221,-149.86974451144286,0.540309050348458,0.8763555101747272,1.051625628212728,626225,1401.6746344902922,180.55412628757534
70.4836975091274,-149.93026076299208,0.4992861016247707,0.8375769060633966,1.0632082914547636,626444,1295.9037045820116,180.59950648576546
70.47625843675839,-149.52516583548356,0.5380715959806932,0.822640318289214,1.0521900600250476,626622,1403.2900737233178,181.0333654735489
70.47178033563233,-149.9037558710227,0.5240992129457273,0.8143273860666802,1.0573237391313661,626725,1160.4745971568211,166.8076627951921
70.47145904209422,-149.26086631388083,0.3734745805730885,0.7939500621975933,1.0857765983144925,626731,5802.30192105645,441.84970525798366
70.46627536310065,-149.61373077428644,0.5141228599735116,0.8081900752284236,1.0589297612027737,626831,1326.633408121636,180.07231153301382
70.46514517522496,-149.15166406180836,0.41046820542725143,0.7719464459530028,1.0895513453006123,626857,1402.5350962290079,207.2154052404028
70.46483904482227,-149.78894215554757,0.40515478530607113,0.7415606375814126,1.0922941897661955,626859,1302.2732534305615,200.9766052244148
70.46406506017739,-149.1552203293235,0.3757092002973173,0.729207764180828,1.1038972337222441,626872,1208.5308053940096,201.05176009914481
70.46269858838482,-149.22421822960192,0.3768675208901217,0.7638043853117922,1.0852231596420168,626915,5520.193764268031,429.03007540335886
70.4614904742312,-149.80074071925736,0.2460432404984001,0.6306264916455921,1.1637291083667198,626937,1198.766036588629,247.43801779027368
70.45626455290257,-149.2523482638554,0.5000319246728929,0.8768854707170922,1.0525355965612009,627085,5402.039527288343,368.4554157536474
70.45323165398382,-149.24628722095025,0.5233404391372012,0.8428671969683202,1.0575338735569522,627137,1159.7887124288134,166.8792055652653
70.44921724817546,-149.5602899222783,0.2469182525669438,0.6664684866659765,1.1596708508739073,627243,1403.8765490364494,267.2962059391918
70.44253331067667,-149.7246096186988,0.3804162169101076,0.7226948734176829,1.101083739156567,627419,1301.8319878469276,207.3733245010761
70.43751353906391,-149.68495952596874,0.5269975367510188,0.8204667907719888,1.0552065852710553,627562,1376.510293532646,181.17170483079096
70.43604520201824,-149.9636649048484,0.3784620981051985,0.7091183845035192,1.1018842222297278,627584,1294.3066736319433,207.30621908467725
70.43271947493214,-149.5247450201278,0.2524583977369988,0.6462072090800127,1.1607922288790973,627661,1162.6447257517148,240.56560509774218
70.42821877433687,-149.04296469439856,0.38451617364309354,0.819830851809303,1.0818815942059716,627777,6138.964813981893,447.9145787615514
70.42735421927708,-149.90894316843577,0.25851531163787145,0.6704856452918142,1.1566583108325175,627792,1203.9622811183488,241.91802987642066
70.4220428978539,-149.017949730901,0.39194882444039303,0.7711955125427571,1.0965164100085845,627938,1341.3941035352102,207.3807521916157
70.41148356077974,-149.1357852247782,0.4195696316967382,0.8540262339490025,1.0887231169498028,628196,1172.030763097684,187.3580744110249
70.41100149070947,-149.9468030367113,0.4896348131249375,0.8557190081451207,1.05514280442677,628217,5267.033977014176,367.66462635352445
70.40695765377096,-149.24322675119203,0.37250048032889543,0.7622894920320352,1.0861024611963102,628325,5788.012099081309,441.88191616674345
70.40616975591573,-149.57934794580115,0.5378509278093373,0.8391323238709577,1.0522291074185195,628341,1406.7127486770848,181.2911828763779
70.40241901967308,-149.43590203507256,0.3622205300488131,0.7804475297663831,1.108653192871134,628418,1240.1754617248596,207.4244600175486
70.40028008106509,-148.72652211341014,0.3765727191841902,0.8575088575801264,1.1036039848703656,628491,1206.031283955091,200.61333214593634
70.39846955356951,-149.82987579725187,0.3704313300420283,0.78814420067034,1.0874195864711458,628576,5413.9356544088105,428.556041051885
70.39704037232029,-149.4995452896686,0.4893813201720254,0.8010518692509485,1.066248839853045,628610,1262.039854547815,180.01876289933716
70.39045609742682,-149.95524863698935,0.5196359200607565,0.8518351155514671,1.0472395661645144,628817,6272.887488556206,389.4835312782937
70.38950947465403,-149.7536376489554,0.281777231689459,0.6767632972033525,1.1172243988531199,628841,6276.3555624093915,529.0610047762099
70.38797777124941,-149.49263074501627,0.42227501724537475,0.845880645439951,1.0724360785524372,628889,5253.462609541456,395.3939871838846
70.38684681149184,-148.6067188666538,0.5285174246620297,0.8381213607192641,1.0547713588579923,628910,1383.2019113737344,181.35021180893148
70.37746952839234,-148.7253223143287,0.2849149161125111,0.7627309841406205,1.1168780703670362,629211,5858.856300164431,508.33938822085065
70.3762992932557,-149.27376373802701,0.3934784588239902,0.8079982480382686,1.0967649266895976,629224,1264.8602585929095,200.98596199941105
70.36881304082874,-148.51155414316815,0.26837211973455044,0.6570250412406359,1.149522803092284,629480,1315.039766371914,248.14508453551454
70.36846716181535,-148.7092141877871,0.24246759381180413,0.6669990411553499,1.1355591252379158,629492,5826.578962326357,549.5217657902882
70.36847245982642,-148.53704563678534,0.24099892736729545,0.7291761904708516,1.1375469261668074,629494,5372.542318652695,529.2822134073483
70.36471495986744,-149.62706214636052,0.49307114150781917,0.8458273865058015,1.0542664439631186,629614,5317.3644686561465,368.1275785778045
70.36408124080005,-149.0596019606456,0.285346398748751,0.7008158889339724,1.143232177002551,629635,1174.7974953237267,227.45748877882437
70.36110606956417,-148.56359580138616,0.5418126144820802,0.8262608936544854,1.051135623837562,629734,1422.9788327688475,181.6684856080313
70.36099271768585,-148.84996503986733,0.2524967981362866,0.6514587236423514,1.1570401423542158,629737,1374.8891928871308,261.5837994385046
70.35844429616375,-149.8609683671233,0.569246378010413,0.8751077624536263,1.045533203772511,629807,1175.0561891961647,161.0586710237343
70.35844946588503,-149.51213309093032,0.5489770312096041,0.9054116664292007,1.0415577223985213,629820,5528.950701192609,355.75351816698037
70.35725368357227,-148.84546292984095,0.23764368603016223,0.7396870375851436,1.1378302656803891,629864,5843.700555489359,555.886041412327
70.35558910586249,-149.51939815359577,0.2740410255500956,0.6371741912543115,1.1483286351803057,629906,1210.168137212598,235.57000817295523
70.35441289234873,-148.62431582363766,0.39853348044660664,0.8081825743822161,1.0785100394683267,629945,5658.556531550523,422.40140642522346
70.35379184375735,-148.6397584114692,0.549391543373663,0.8948557092973722,1.0416428790676688,629969,5334.79443119879,349.31946915246243
70.35060158535254,-149.9282069520069,0.5019107327897951,0.8391589949785597,1.0623742097380182,630078,1311.2611015201242,181.190857242982
70.34842443256015,-149.9713218182437,0.5297823565639717,0.864058165258472,1.0545355981489193,630158,1365.9256704290715,179.9988457151996
70.34604854130167,-149.77573706048508,0.2658613211730517,0.7918637904276538,1.1258407431954693,630259,5474.367534364567,508.67960856125643
70.34048747813443,-149.50708268938496,0.3708137797482421,0.7534015423070273,1.1049100010453448,630420,1278.7817546901013,208.17339040275527
70.33869376570327,-148.5868233342971,0.264317633118838,0.7521570132038644,1.1254631444523462,630515,5884.945902258398,528.9481483002772
70.33740368143864,-148.59597920946297,0.3875530039988135,0.7576970223892097,1.0999829047476204,630553,1169.8016774828689,194.75808613883365
70.33658759001952,-149.94694108825044,0.4999084680156074,0.8555360035233818,1.062947087259436,630586,1308.8619163898973,181.38718503053636
70.33233369973763,-148.8612532467182,0.279710008278876,0.7180483150607607,1.142894068963061,630746,1373.605571386097,248.41736497116383
70.33234639154553,-148.48526690261357,0.570848253915332,0.8744663759071558,1.045162221904891,630748,1170.1857501369982,160.49887629771283
70.33115705344447,-148.5090069119573,0.39907366612186135,0.7583842531064292,1.093675119247918,630773,1376.891675096472,208.22280072872834
70.32747753597067,-148.81547269160404,0.41159535934879926,0.8487912035758497,1.075060115211691,630949,5477.665880514001,408.94741408430514
70.32491226101826,-148.68121842334023,0.40088725257159313,0.8157967047664595,1.0774938524007178,631045,5873.724936757163,429.0921911499325
70.32233759532521,-149.43598845333997,0.540639486671419,0.8752062460859308,1.0514942236079892,631113,1410.9792414767046,181.09704469957205
70.3187251837454,-149.09640378618866,0.40568244758156524,0.7852943605470799,1.092052558798752,631245,1308.390908607784,201.31706120690566
70.31583177176579,-149.92815394389504,0.2412151905159315,0.6666383234357572,1.164461441712314,631363,1310.2622267055558,261.2652896885992
70.31572481672106,-149.46962783147637,0.2597382532814773,0.6704392500883886,1.15365026486267,631379,1341.4764760241487,254.7583954366745
70.31434999934626,-148.52216456124012,0.2500197865405092,0.6754947251004692,1.1326590757853012,631432,5588.769285160983,529.9999550082799
70.31438437465987,-148.62990679400346,0.40328850471215044,0.7944768895268297,1.0778624790860598,631438,5221.080144807803,403.3454761617121
70.31300158614087,-149.8302496586743,0.5365219318300599,0.883144346735945,1.043963916953828,631482,5814.406291524384,369.03187512357914
70.31038178580859,-149.9194547401749,0.2548171206308294,0.6799666457378564,1.1579879916362559,631577,1242.492829485183,247.53554788143717
70.30685420628615,-149.12448598668075,0.2755470470955663,0.7158557078752364,1.121867101613603,631704,5403.889771904295,496.4325988619225
70.30445104317849,-149.21284450444608,0.26402829203696015,0.7619421806656761,1.1255613405777278,631797,5896.3420855001905,529.7500846430535
70.30230062127694,-149.2053727473306,0.3992535499697321,0.8187869897414171,1.0788549676650003,631892,5325.354917615336,409.4065791921889
70.30221928653614,-148.42185553668938,0.5253643467758516,0.8350555070061819,1.055613089025998,631903,1380.6234847777841,181.72398926160307
70.3009045567684,-148.55419469698063,0.2831408674064238,0.6404319116071083,1.14222197881979,631954,1304.557040361222,240.62192084311067
70.30044837310037,-149.38281102903846,0.24027392715397683,0.6312012281238217,1.167613863036037,631970,1171.8136095619848,247.5602299666001
70.29956170106351,-149.89572517016694,0.36292327615009434,0.8236246691997225,1.0893203297415264,632037,5670.552856370193,443.10864398708594
70.29796889690563,-149.79996084098315,0.547430330562252,0.8937917232473876,1.0419074962675765,632097,5503.564011273885,355.43690210948967
70.29713433574508,-149.6384122679221,0.41848702583401093,0.7447262134973991,1.0890551008254121,632141,1175.162586875558,187.85074039989445
70.29698321019269,-149.29439551190515,0.23397306866085896,0.619811503336319,1.1669875257706055,632160,1410.8499406846904,275.27223473709614
70.2959952019085,-149.50676386066468,0.40824287779308643,0.8131025765646607,1.0903034324719274,632180,1402.325988198525,207.76391240250982
70.29514861007702,-148.75183458946273,0.2748800049069597,0.6274962634604978,1.146816610385818,632235,1275.1250356092514,241.44028963086734
70.294670625986,-149.45542511313207,0.500281996804532,0.9613717473907489,1.0629162849473182,632238,1297.9681298684768,180.56331074138913
70.29115455970484,-148.31421785375773,0.5381660978218659,0.8222055451696382,1.0521080454833798,632417,1414.6115050941594,181.74620748739366
70.28423307433462,-149.53747594110416,0.5710077525064323,0.8743792861837927,1.0451091261660084,632698,1172.6722539522505,160.64686489853918
70.28278520090257,-149.83929418758004,0.27441317683453376,0.7597418770219072,1.1216280985061475,632761,5685.451227094064,510.25224048565394
70.27921084866358,-148.91452181907204,0.2839241649860989,0.6413222613841661,1.1438849875915937,632960,1177.9212439464022,228.32942375210897
70.2760756595674,-148.8880134592708,0.430871076850709,0.8769926323053232,1.070194600912495,633143,5182.8289212808095,388.78965242789315
70.27468253665343,-148.342554143594,0.42459735822716926,0.8000408170309012,1.0859214400359654,633191,1284.6956176820506,194.9918274518909
70.274136615863,-149.4633687470722,0.28664588101416755,0.7457355469293889,1.1424970770432505,633209,1180.190094226832,227.4615853864571
70.2724689414743,-149.14767269611193,0.36435908708756065,0.7510834213246141,1.1086258822902813,633292,1176.862125789505,201.46653754402948
70.27082089518089,-148.5294255451311,0.48333479868696894,0.8489148990605621,1.0561782902150523,633376,5663.48240160297,383.72728208544595
70.26892714647784,-149.1393672962032,0.4912436169811799,0.8459057645453653,1.0648964692618463,633474,1381.2684654750012,187.97302059542946
70.26809671614494,-148.73861953955367,0.4896742159853284,0.8358351519373062,1.065339183574213,633517,1381.2410932758914,188.27213996135072
70.26794146638736,-149.92065551996933,0.5128010288933872,0.8973538198746961,1.0492465095526102,633560,5747.439798890421,375.2906145986138
70.26724744597142,-148.01148363893853,0.40742121267163006,0.7851626343527678,1.076012689792947,633592,5623.18457553229,416.46094761297365
70.26632876372292,-148.5835991074487,0.4941270735820964,0.8526357284355026,1.053509711191332,633625,5767.964385758375,382.99834046510006
70.26411848125817,-148.58116343304434,0.5579284060230506,0.8629319422226843,1.0479355324768609,633725,1253.5703388652512,168.03124650471804
70.2620878900222,-148.37229171477316,0.37389841429399245,0.7470223091478838,1.1046363354485935,633816,1203.7560499450396,201.13949795004356
70.25525290190876,-149.4638977119875,0.4178742004738385,0.8305031031249281,1.07343548677347,634114,5392.245743971993,402.6864264255859
70.25289525232569,-148.6771638185737,0.4007911206482633,0.7599459100353041,1.0937199646244424,634222,1310.6836112367093,202.71917068169222
70.25256062331515,-149.88410591214685,0.25184384343122235,0.655789007520344,1.1328032718153715,634240,5241.742747755646,511.41930090553024
70.25112965382756,-149.16766725936304,0.2820671182542655,0.6614235497624594,1.141584105932134,634304,1384.055705238349,248.31644733184257
70.25007628633183,-149.07440129783632,0.4191348695859672,0.776509588306438,1.088752913469889,634360,1182.9919931549794,188.3297535380868
70.24856272861508,-148.124933756363,0.2580903539047498,0.7142872734713718,1.127693255618665,634437,6095.273976200004,544.7731081415841
70.24812097003742,-148.80448729088667,0.421369102245833,0.8541411115657274,1.088013185251215,634449,1181.8869280187885,187.74204890633206
70.24501103504647,-149.56715194533632,0.3870483363224075,0.8444839248016863,1.081568823531264,634605,5856.973687984361,436.07276741716134
70.24203573865778,-149.06120399923162,0.36745955076442244,0.8433395411435051,1.1073840617275332,634725,1180.2321581027754,200.90182598082635
70.24172221978928,-149.2640162127614,0.27558538352172196,0.8144513678231972,1.1463585069196758,634731,1281.3517398599024,241.719130631754
70.23944032779451,-149.17849913562023,0.24520008851688552,0.6129920611449102,1.1625566904732432,634813,1288.577166569221,256.9803027435784
70.23799384123592,-149.47073626343482,0.24120761223853834,0.7277296256898186,1.1355065106793172,634883,6075.383728488771,562.5955388868568
70.23742089236643,-148.4555470459341,0.3910189658819928,0.8252130480795913,1.0805836745845352,634890,5737.560947555077,429.4075504515463
70.2371334893915,-148.9306653267142,0.5563568520299321,0.8720055719741491,1.0483119633908815,634902,1257.0879356102005,168.50432045189083
70.23648839075157,-147.9988717203531,0.2609007837597913,0.6215521601706994,1.1286142394655863,634941,5264.026936665636,503.5310909705814
70.23611864742055,-148.83728802776474,0.5558675753505986,0.8772547042470058,1.0403563092608368,634950,5245.999690770564,344.37640773302707
70.2350267056754,-149.2350508542393,0.42050575932539963,0.7895071371945386,1.0873006709205246,634997,1281.9061133032658,195.72534495739097
70.22962491396645,-148.68101961598774,0.5034293647596105,0.8716845001370065,1.0519074603097311,635187,5261.030821910342,362.3857260765587
70.22980907373281,-147.9992263803623,0.23487678835127332,0.6203422962197959,1.1404531932275122,635190,5402.050647097227,537.6061248315052
70.22576057436851,-149.35692801781389,0.4256799752779765,0.8832841644487323,1.0711084506708626,635322,5506.284163808468,403.1741062069408
70.225000723731,-149.3221945481137,0.27164795516479245,0.7092386095376766,1.1485155376513747,635347,1272.3721652831096,242.61005249704118
70.22359255160971,-149.11442174091724,0.5181323676445658,0.8906055286645177,1.0477905735390773,635408,6025.825201069452,382.28990946822375
70.22087600851837,-148.95512687725613,0.5410769631518322,0.8664470748993032,1.0434980210588831,635524,5253.1329351777,349.2887561873354
70.21479275552784,-149.44361774472304,0.2850723903158259,0.6924648095262668,1.1432465108273486,635793,1181.866846673064,228.25044264895544
70.21271039149075,-149.16665084942474,0.5037731910473213,0.8384723618113865,1.0618994559369501,635869,1305.01133793431,180.4241002955102
70.2118697852679,-148.3131650532066,0.3617829329752771,0.7438541687518442,1.1095590633229457,635903,1182.216477729826,202.6419698466567
70.20886691011417,-149.49100087243428,0.24274446166520414,0.6474133043741803,1.1621077842916532,636052,1398.5829969038298,269.07564439273415
70.20538604825725,-148.57140712382107,0.374165276039659,0.7530035837917239,1.1025754037586568,636193,1378.514960692689,215.1686194909581
70.20516895358006,-149.93502377089385,0.2680365275095648,0.7784101794114505,1.1239391842594475,636235,5849.74714887667,523.6926610131819
70.20090130152035,-148.5219612551918,0.5568960152090646,0.9093051296558596,1.047687790354611,636419,1352.4185747375232,174.69217027836982
70.20091609807454,-148.06727556315914,0.410975074053022,0.8143375308939699,1.0740897284537216,636431,6257.517558275656,437.419590084588
70.19995611709128,-148.26986083984073,0.2661915266047232,0.7485107026748922,1.1263520011611483,636503,5235.294701885979,497.1396307611348
70.19846493938861,-148.7415041023683,0.3861883222174236,0.7698472137339001,1.0995923821837001,636531,1246.0209790693598,201.3576067253357
70.19557767220087,-149.48876815461279,0.5248825733894359,0.8329095331889986,1.0569236898705339,636685,1187.8957193695865,168.64093976313723
70.19247263106881,-149.30769142911404,0.42089320876027575,0.7710077877339727,1.0881237894000564,636823,1186.5570429785564,188.21892280923296
70.19100206793857,-148.67944642395443,0.5336649812071615,0.9107543654739388,1.0443956308530853,636907,6027.3747149550645,376.7338771672977
70.1907163826899,-148.79367666941545,0.5010349314945335,0.8383795804455694,1.0625395974837777,636920,1323.0379861682047,182.16170649127392
70.18928231382056,-148.98572036862797,0.4268121219274408,0.8765274278502507,1.070782986723321,636984,5517.758016287717,403.05831457876417
70.18885777289834,-149.2570284841737,0.5326903480016295,0.8970191571184288,1.0450093922071824,637021,5574.671711325611,362.64121968263754
70.18746622702942,-149.93354774202945,0.276537729650846,0.6200430653650565,1.1467694166473614,637060,1226.760821816422,236.1063592203327
70.18746670536319,-148.61924978258364,0.5476714088424424,0.8673292391946764,1.041286262279056,637082,6198.6634249082435,377.1324697802573
70.18733569989274,-148.16934376545746,0.2361799169120117,0.6393566634375109,1.1392884466754387,637103,5578.529656020887,544.8078070547639
70.18306223786418,-148.80880650786426,0.5323133589438824,0.9062370169666624,1.045076092764819,637279,5591.094822362723,363.3035806467236
70.17839589184969,-149.0294186689842,0.42779364271765197,0.838504899223431,1.071041552811355,637538,5177.281043745204,389.97668142553727
70.17747262857606,-149.13665296407683,0.40423956053622057,0.7962576850518206,1.0764168904110076,637623,5952.549786523322,430.1669534626936
70.16967654400491,-149.78221879838154,0.2826988248481989,0.6578221648002314,1.1411741796075145,638126,1391.2098615426694,248.6790812379056
70.16708750320475,-149.02633411326616,0.24381783399890858,0.6566828664538147,1.1366730054187855,638278,5212.9000363667055,518.3366243247301
70.16628815013208,-148.949435286852,0.4273934657575793,0.8692754064938525,1.070608677630766,638332,5528.761406204256,403.1855113236124
70.16327003933272,-147.97332971093303,0.4170316045356557,0.8414567111019342,1.073619440844044,638542,5424.404707138042,404.2932491484252
70.16243687392536,-149.51067530838094,0.39379654111200596,0.7937829754459833,1.0956942564322225,638599,1358.570976684956,208.21410651199133
70.15925456120739,-148.76585038417937,0.2710304876995655,0.7751596514468454,1.1243911392663322,638820,5184.031123438027,490.26361008629294
70.15753820894021,-149.16537274074153,0.47906329127843,0.8329746027574975,1.0692739784839687,638954,1256.7368961537338,181.56438706306736
70.15591500788477,-149.13892553547203,0.39579906039285895,0.8235808318757812,1.079936676850234,639092,5286.108096691917,409.6713306477356
70.15382052130722,-148.34860489693511,0.2591501080187459,0.6574880295588273,1.1297757317165795,639286,5135.03512036226,499.0004577681051
70.15093321616996,-149.27080724754475,0.2616154800387421,0.6233301605228933,1.1533351844357271,639499,1299.0118970185101,249.79272012255248
70.1473500847606,-149.53100934840617,0.4093094334282573,0.788828272004316,1.0906777159231122,639817,1322.4024980975346,201.49342796326312
70.14226717311298,-148.83633199786988,0.27356761811361785,0.7224374619435054,1.1472554003217064,640287,1289.4768459274715,243.37690368399453
70.13970451273904,-148.59017526330294,0.505327244337193,0.8676939680547532,1.0612974695409936,640484,1331.6480617233976,181.97566113539983
70.13911848398334,-149.04075066449568,0.49061195186324724,0.835769438417353,1.0657090175193316,640549,1288.101174010977,181.63973435781446
70.13528235895278,-148.8772781976512,0.536706349826011,0.8824561948966833,1.0436796362292995,640881,6103.640432332564,378.03415170657087
70.12429584695893,-148.01070590685762,0.23767819649906577,0.6681207185895669,1.1668661530123086,641697,1290.8618315339866,261.246295102978
70.11752994424454,-147.9967407302215,0.5005392473246484,0.8116110748564821,1.0626563734648915,642111,1326.2189092764802,182.47084020445064
70.11728858053561,-148.17674131992223,0.503062835870813,0.8648207236932729,1.0519577109036538,642122,5291.269216649989,363.5580321553373
70.11652103723097,-148.71693050695055,0.42001660232143156,0.8592801890542713,1.071940924075785,642191,6003.790462684839,423.82294663121024
70.11608192970372,-148.4792199628301,0.47864709070202993,0.8609008122137576,1.0568725386293845,642204,6049.125412031062,398.51393714947153
70.11587982042509,-147.9584050771106,0.4263601381084422,0.7737601683601089,1.084487560862875,642205,1381.225186696324,201.76641591816485
70.11244923743271,-149.0252265794534,0.5266028653056637,0.8275042950146972,1.0557528518854178,642448,1299.7552534913123,176.1140943697762
70.11114081188602,-149.93871255087956,0.3809859883374562,0.8367739000350259,1.0828842844832969,642536,6174.4245381885685,451.2826881954289
70.10020674953762,-149.43867433930083,0.5026467004382335,0.8143420334034733,1.0620322423626223,643201,1332.3482212079973,182.50820225229705
70.10016363384707,-148.728112068521,0.5002008434336807,0.8856859928568926,1.052210868454952,643215,5661.911538132587,377.1501302077664
70.08886418569297,-148.1860888065485,0.48687620683883254,0.8146272607699494,1.06675393971527,643793,1291.2114077022677,182.5552526615291
70.0876829796343,-147.9902983686064,0.24970098234954896,0.7352946833718988,1.1334217532827924,643862,5370.919560316973,519.8991777529136
70.08483989081779,-149.50324000997364,0.42290955444452855,0.8539686822706488,1.0874056544540356,644004,1190.6958207303326,188.09688273464656
70.07912490059329,-149.36451908418735,0.26228111811808413,0.6620623229218393,1.1531864158968512,644275,1286.5679464010298,248.27773937819038
70.07280733764127,-149.07833093515734,0.4906659895556931,0.8740144657332674,1.0549976783878108,644561,5185.296924049464,364.4171180072761
70.07236582081148,-147.9812036092751,0.38484603272760376,0.7996928262140526,1.082198913672858,644582,5874.097364790867,437.9575276804456
70.07147995211908,-148.87746438597793,0.5139546097742993,0.840699632204065,1.0588362458086304,644619,1349.367664404145,181.63841290300468
70.05919324390051,-149.89070357202246,0.39710608588252994,0.7927837761439703,1.0791543011707656,645210,5518.838470495221,417.9030127194506
70.04940555217841,-148.11875505267278,0.40940633728668696,0.7445989847500827,1.0905012796390638,645571,1337.5589357482438,202.6208416906518
70.0494001023848,-149.85987204969987,0.25509455486187865,0.619808140194255,1.1587462203966146,645583,1192.7171258276771,242.3946696956673
70.0414405879877,-149.14327509948987,0.3969188468627166,0.8474663127948688,1.0789347170802732,645887,5686.587786616674,424.30675468395054
70.02718650399734,-148.9826765243933,0.3778245490513903,0.7078817034727858,1.1028389935417378,646447,1231.0187630707317,202.34486235783558
70.02651613590018,-149.12713211100302,0.41660673009994664,0.873815774358248,1.0734723222400784,646484,5595.705611694987,410.8366889141427
70.02618714754395,-149.09299207527928,0.4126352094848366,0.8466267731656579,1.0752757644020439,646487,5168.064573625149,396.72151730512314
70.0250267280225,-149.05453448460702,0.39472208183860596,0.7741653232292063,1.0798375129014648,646545,5528.180948471481,419.51775469515394
70.02426590977288,-149.840378615726,0.3787093242168141,0.7602224314317245,1.1024282919431763,646554,1238.0498237540762,202.68471300122934
70.02404464090168,-149.6412265255796,0.5019218388872784,0.863930738697508,1.0623008726370318,646572,1321.9191651593476,181.92372307429847
70.02063602628074,-149.11401145245574,0.39501115740665754,0.861914495244668,1.0792372040975098,646686,5846.87633938347,431.282866102869
70.01870908079518,-149.08795982629064,0.250997071379031,0.6142353279197322,1.1608366344276355,646753,1203.0287711748636,245.41924281675804
70.00943417754047,-148.77277958143904,0.4164687302271184,0.742574152354269,1.0887385752897503,647034,1272.651018665781,195.96043612972815
70.48156253013445,-151.87585961602736,0.48288857605044394,0.8602691015766354,1.0556964748551791,496631,6205.154602082915,401.84426042879494
70.4235050941019,-150.12652695378188,0.2530163764877095,0.659472693403348,1.130034242351743,499480,6069.696303979533,549.0527827405414
70.41038604424095,-151.39232232271092,0.5718174226966688,0.9106933721015911,1.0365214192331773,500267,5943.169425606724,361.3976262763892
70.35739970306024,-151.64260118855225,0.38703724242402937,0.8076383353715392,1.0821861986826184,503392,5489.367705208391,422.1722811255855
70.31523050362556,-151.8339223376846,0.5680063998080929,0.9001476984525962,1.0319809219744454,505469,25156.13976943783,746.019736203502
70.28357372400247,-150.63664316653092,0.2711891430059218,0.6565669195188134,1.1217391025877792,507060,6215.877399108201,536.6856740312026
70.28348834573532,-151.38453293250288,0.2514576183127012,0.7487106904830512,1.1309926843028075,507084,5970.007352912472,546.2104014450549
70.27609309224847,-150.2399263161361,0.2798303179849228,0.7274779563295819,1.1190955195445877,507492,5798.621242233885,510.29336332496473
70.19958986336113,-151.43210822474182,0.23469729989628038,0.7213425564666767,1.1388954628862265,510950,5981.500007702938,565.9211685226364
70.1740219361202,-150.65903455749697,0.48139382200054776,0.8806112206106403,1.0566704708494128,512160,5640.599473851297,383.72253691953205
70.10976245480812,-150.66255362621695,0.5119201125069384,0.8799293797536304,1.049791153223278,514594,5411.874638200476,364.4833547216742
70.06596377244101,-151.42894506241757,0.23514448833077425,0.7296191223143155,1.1195232611219932,516199,24100.979925170064,1134.8929044111856
70.0366958164983,-150.76859300975133,0.48280260379740647,0.8583526758241007,1.056289380843308,517207,5677.754681831359,384.42218446029364
70.48600748497648,-149.75781397487515,0.37576074636465073,0.69928170642817,1.0847283970517951,626390,6010.080829800512,448.3213109599914
70.48225434783659,-149.8305304797927,0.2592047558090521,0.8114050613987622,1.1085278863231838,626483,27299.74533583428,1150.4367515249285
70.46971630514042,-149.42841811979423,0.5113025692850927,0.9244017582560765,1.042549683308836,626778,24045.896928846953,768.7523123041145
70.43500899260391,-149.2760274619786,0.2854855443441743,0.6441912390464032,1.1181257551416097,627612,5256.054839427437,480.99749507558
70.42550772511568,-149.29631278835865,0.4848509508153592,0.901693225750213,1.0555912652991948,627837,5864.718872847443,389.874118340932
70.40409868108866,-149.48932676432477,0.5249293834411145,0.9016128816682172,1.0467901915539164,628381,5493.700253258648,362.64940575487634
70.3921136516405,-148.7643728634801,0.396200978961169,0.7984864535536422,1.0784066793788543,628744,6168.308492513544,442.3135080607912
70.37771507704768,-148.62025007934486,0.2640999254161334,0.6217629113720307,1.1270853350908117,629185,5301.993518951999,502.2736430049283
70.36900721117456,-149.3727816721466,0.26855573186926457,0.7434293671927787,1.123395546393705,629473,5983.052610418135,529.1138501428156
70.33045853912841,-149.03028146036212,0.4767797813159527,0.8977100149428601,1.0576669674695447,630821,5741.6049030204,389.01170496881457
70.31896223778837,-148.72681920126928,0.4069546936334257,0.9351993060051887,1.065245041255533,631260,23794.856330475075,857.1827932088524
70.30455920332959,-149.84949951532582,0.2523833888188826,0.7825243552426947,1.111452795283626,631811,26525.194567393668,1149.2217516091741
70.28769778872412,-148.2096126885245,0.2725685867965571,0.7977507323850515,1.1048157073053957,632557,24264.60964588863,1057.6785219101187
70.2550756140946,-148.51396458359403,0.530838310817355,0.9053392528328652,1.0448618732425152,634112,6198.0361099361335,383.0459314462404
70.22243219031388,-149.12773935381364,0.5211708548877939,0.8830578121972258,1.0470588130212721,635464,6093.029126545565,383.29353901660545
70.21919787415258,-148.77492394341098,0.36096576772927863,0.768914688253714,1.0906581531171304,635590,5298.370349855664,429.4801332067933
70.20919861661781,-148.42586460540534,0.26184696264638047,0.746664231125594,1.1258706532473806,636056,6165.111441060887,543.9407896437131
70.19199451775687,-148.14160842184944,0.5031097898161745,0.867349476841936,1.051954876180606,636859,5284.243888696772,363.29964611943757
70.18942347792982,-148.56135396177353,0.24947163518663312,0.676550073155201,1.1329114776792883,636993,5589.483547431558,530.61581043633
70.18185049338697,-148.6593764747534,0.2766537391261051,0.7552997287432259,1.1217248750945463,637353,5281.617054931752,489.8015042149872
70.15637098735093,-148.96323982990452,0.27046621718550407,0.6883600573732621,1.1226526704511162,639062,5952.487975972285,525.8933534268133
70.11020859203306,-148.59237437569183,0.2810060293587222,0.7711749955345452,1.1200427293233597,642569,5229.513604681711,483.59050080891274
70.10019139544077,-149.26663600610817,0.5004675192815484,0.8518639057984092,1.0523771732810563,643190,5452.8992513092435,370.0247045209354
70.02013731582726,-148.96429026810378,0.5547387365926287,0.8989201096194079,1.0400426026821623,646698,5902.25976907491,365.65359303268417
70.13509821011218,-151.94111098575632,0.43224613745684126,0.8883035064765643,1.0593066542921545,513711,23614.646417792403,828.5716986063132
70.07330425509464,-151.11592655117437,0.28098151388831694,0.8081022578720836,1.1013912290775307,515955,25285.256395699336,1063.407548682076
70.32929258811552,-148.87065783828618,0.2390527487427852,0.6850834581938828,1.1177572669076477,630916,24375.729496978067,1131.9750953164382
70.32846315181855,-149.3101032929534,0.23847548404800809,0.7667249265375642,1.1174992659353202,630941,25440.55650183492,1157.834180008145
70.31961167663532,-148.53652590448237,0.40033289387864246,0.8091654326648148,1.066933038910085,631230,23580.779613088933,860.346455313921
70.27821123171907,-148.87661731048613,0.3773184330128676,0.8409432814941118,1.0725056023597654,633072,24611.302579381685,905.3535749782591
70.22993034622482,-148.0657083662662,0.38636260235689346,0.8109847136177897,1.0703736065448237,635178,23877.448208033864,881.2544977666724
70.2169472647271,-148.06869567281223,0.5163515496527654,0.8443476591699487,1.0481565401439095,635723,6058.146379185208,383.9742236645154
70.16689610574119,-149.14336133395582,0.35755374641823634,0.755085329867224,1.0920569186080173,638288,5156.575368866011,425.71107680498613
70.02281058537532,-149.9789015056518,0.41891421535366163,0.8687308834671655,1.0619693729912656,646643,25399.999943879084,872.8894427448238
70.40985989764742,-151.54320618152917,0.24015634924864032,0.7987320721838645,1.117667805640717,500340,23620.720999025285,1111.743171070487
70.33524425476517,-150.03914866296813,0.4814177888624458,0.8824003815593853,1.0486770588564596,504531,23275.441584688895,779.4581990270113
70.32116624049752,-151.0763190176137,0.24886347264780728,0.8374159631652791,1.114214103679309,505205,23448.475949900083,1088.1322043475848
70.30168780530244,-150.02688606593892,0.23839611679481504,0.823807451387745,1.1184685019806055,506206,23480.296078230753,1112.5182090441572
70.20724381389718,-150.6736620039269,0.28472226730686956,0.8550336957774636,1.1010491879650206,510670,22957.792469113254,1006.6054516626597
70.07408971840447,-151.3513080650469,0.5700333599903811,0.9222299824245155,1.0314669065079025,515886,26507.261906581494,764.4291335394611
70.05262343405789,-151.78636088782295,0.5205518881775187,0.8905693560745493,1.0408055759824886,516669,23849.89288743216,758.7804546468668
70.44997325147071,-149.76194426373135,0.282447393271442,0.7750900452029741,1.101846922923221,627257,22960.38573640065,1010.708077400604
70.43393372223088,-149.79651904996533,0.3596704241109111,0.8795910023793968,1.076956589318278,627664,25555.644360940907,944.9220562913048
70.43123688207974,-149.53283786787898,0.3784304714541666,0.8990073902571185,1.0714139427860638,627714,27565.276085819845,956.7380708799114
70.33956242765797,-149.69949030074667,0.2579996356757331,0.7935338303814994,1.1106295142431801,630484,23451.95645270195,1068.7716498086972
70.33293250625674,-149.44538725195113,0.2395031349666714,0.7939257623316306,1.1180616926015947,630759,23373.38992179134,1107.414441814151
70.30681824369908,-149.3453541599315,0.4976435924731565,0.8953453192663768,1.0453276355252197,631698,23549.347100198425,771.1434235255157
70.29432608717232,-149.69884261095794,0.25079186335315756,0.8573569127775684,1.113121995085127,632329,24136.293272874307,1099.7234807531238
70.2708845768623,-148.76060713274023,0.3725556974075193,0.8927907875232478,1.0740638296191958,633430,23617.661376247757,892.5401737972185
70.26610876149485,-147.969151446902,0.40684328862346203,0.8908138371621378,1.06500391079249,633659,24805.429683046088,875.3157259728619
70.21980650434959,-148.49456423403223,0.24679817938983994,0.8011081250924429,1.1150207242066557,635610,23492.727445272307,1093.7062056451596
70.19947134529951,-149.17675538395702,0.37017366036817534,0.8282237613962493,1.0747336921318678,636516,23513.274149235385,893.4262923969422
70.14382912299465,-149.06717894982918,0.37508040099725837,0.864104479849801,1.0733172112994793,640156,23865.18685617217,894.1804404063149
70.13469370065157,-148.34256845616,0.4976308730087914,0.9039226006625853,1.0451334814145765,640961,24605.49407609439,788.2560613441938
70.12061038093374,-149.38976384375334,0.2831772491325277,0.8135349142299044,1.1016311688485065,641960,22866.998640565645,1007.3498722521846
70.0681777865108,-149.46994843105546,0.48411120300671157,0.8502728882764051,1.0473964138094045,644780,27149.94545492584,839.4925497413221
70.06652164709904,-148.74056872352398,0.2613728367987493,0.7138222825114028,1.1085995199445458,644872,25114.36019247237,1098.843302789409
70.29644417415798,-150.32206739804874,0.39418698257797563,0.896992757325507,1.0682767794926102,506434,24261.12996063033,879.4462572982632
70.19435268496012,-151.1662811174371,0.4176066147413949,0.8943636662955234,1.0622877640004922,511237,25358.034356444703,873.5324451901454
70.49018444309945,-149.5790683741518,0.39323072224415856,0.8593996386056324,1.0680899977035214,626341,25848.26211072082,908.8597822974956
70.47336407353222,-149.9232980762468,0.36683016778008326,0.8742384284062316,1.0756517234826715,626713,23461.42166315268,896.4985103894943
70.21506481851227,-148.88189874965997,0.5235644503581404,0.9062828117176858,1.0396433013549407,635803,27708.31358754254,815.501762058543
70.24025119968277,-150.63356157180235,0.47874079029772626,0.8795215424075764,1.0488402705878248,509222,25228.35782060376,813.7653746193511
70.17768343810263,-150.53256170681044,0.2515496682171365,0.7952303484343025,1.1116894080500668,512065,26739.501702179878,1155.765462762676
70.13398574219548,-150.5794264615939,0.5482515463643871,0.9040024615133629,1.0351557618233846,513767,27575.55995522173,795.0183803519307
70.15072725932265,-149.34197454687734,0.39898795578010066,0.8391307136579581,1.0663735822732745,639603,27004.316602898216,922.2350730285558
70.13386372305345,-148.9009400953446,0.508647475102208,0.9174808819547196,1.0424559283294685,641022,27795.388240067066,828.6723683732537
70.32690909918938,-150.8458550398174,0.2428063139599685,0.7663547738358334,1.1150258811541136,504956,27058.643385724157,1183.390159326944
