lake_id,ice_off_date,ice_on_date,ice_off_doy,ice_on_doy,ice_free_days,ice_off_confidence,ice_on_confidence,ice_off_source,ice_on_source,centroid_lat,centroid_lon,lake_area_m2
495091,2023-06-15,2023-09-07,166,250,84,LOW,MEDIUM,S1,S1,70.51657491663583,-151.9423410983372,1171.0549872438846
495201,2023-06-03,2023-10-02,154,275,121,LOW,HIGH,S1,S2,70.51405588281918,-151.88746324796264,23961.285151784818
495838,2023-06-03,2023-10-13,154,286,132,LOW,MEDIUM,S1,S1,70.49853761575827,-151.85772653941126,25411.070770849165
496631,2023-06-03,2023-10-13,154,286,132,LOW,MEDIUM,S1,S1,70.48156253013445,-151.87585961602736,6205.154602082915
497058,2023-06-25,2023-10-13,176,286,110,NONE,MEDIUM,MISSING,S1,70.47198510398592,-150.6429667357811,1198.2176614860944
498061,2023-07-09,2023-10-13,190,286,96,LOW,MEDIUM,S1,S1,70.45074738034648,-150.81477602089484,5457.494676116776
498161,2023-06-15,2023-10-13,166,286,120,LOW,MEDIUM,S1,S1,70.44957044256003,-150.52387980902049,122344.57203967836
498382,2023-06-18,2023-10-13,169,286,117,NONE,MEDIUM,MISSING,S1,70.44384949481022,-150.88623285706169,25306.236837910717
499288,2023-06-18,2023-10-13,169,286,117,NONE,MEDIUM,MISSING,S1,70.42705019944574,-151.60780604151768,25786.539001574594
499480,2023-06-15,2023-10-13,166,286,120,MEDIUM,MEDIUM,S1,S1,70.4235050941019,-150.12652695378188,6069.696303979533
499676,2023-06-18,2023-10-13,169,286,117,NONE,MEDIUM,MISSING,S1,70.42165276479801,-151.77514135582774,116398.943059151
500160,2023-06-13,2023-10-13,164,286,122,NONE,MEDIUM,MISSING,S1,70.4125333923862,-150.25654577573712,24921.28812477801
500267,2023-06-18,2023-10-01,169,274,105,NONE,MEDIUM,MISSING,S1,70.41038604424095,-151.39232232271092,5943.169425606724
500340,2023-06-18,2023-10-13,169,286,117,NONE,MEDIUM,MISSING,S1,70.40985989764742,-151.54320618152917,23620.720999025285
500413,2023-07-21,2023-09-04,202,247,45,MEDIUM,NONE,S1,MISSING,70.40829982102498,-151.3811972676894,1393.0651744279094
500453,2023-06-18,2023-10-13,169,286,117,NONE,MEDIUM,MISSING,S1,70.40775226090356,-151.04176238995385,1279.579182176677
500622,2023-06-15,2023-10-01,166,274,108,MEDIUM,LOW,S1,S1,70.40510914830139,-150.7840050316762,1296.322496930776
501063,2023-06-18,2023-10-13,169,286,117,NONE,MEDIUM,MISSING,S1,70.39903429343708,-151.75873917763755,5646.630488001328
501143,2023-06-27,2023-09-04,178,247,69,LOW,NONE,S1,MISSING,70.39711241094656,-151.36312578182833,23288.844139886463
501152,2023-06-15,2023-10-13,166,286,120,MEDIUM,MEDIUM,S1,S1,70.3969722271978,-150.8504224895361,5767.8046008844085
501523,2023-06-18,2023-10-13,169,286,117,NONE,MEDIUM,MISSING,S1,70.39201181657234,-151.5579673622708,25790.18117245875
501592,2023-06-18,2023-10-13,169,286,117,NONE,MEDIUM,MISSING,S1,70.39101154804501,-151.73020965402242,123511.96896133556
501745,2023-06-18,2023-10-13,169,286,117,NONE,MEDIUM,MISSING,S1,70.38817075116863,-151.57676067816635,27295.303811486527
501777,2023-06-15,2023-10-13,166,286,120,MEDIUM,MEDIUM,S1,S1,70.3865519521053,-150.36515499626248,1175.287395044199
501858,2023-06-15,2023-10-13,166,286,120,LOW,MEDIUM,S1,S1,70.38660991622487,-150.91120727144374,115296.54795401735
502003,2023-06-15,2023-10-13,166,286,120,LOW,MEDIUM,S1,S1,70.3834245135551,-150.83251382961473,24052.144223898154
502121,2023-06-18,2023-10-13,169,286,117,NONE,MEDIUM,MISSING,S1,70.38154124958702,-151.11004854953802,25154.99141188772
502276,2023-06-18,2023-10-13,169,286,117,NONE,MEDIUM,MISSING,S1,70.37767246744488,-151.6670350391829,1378.718573718699
502307,2023-06-18,2023-10-13,169,286,117,NONE,MEDIUM,MISSING,S1,70.37928014729036,-151.1229922985838,132131.99859734648
502406,2023-06-15,2023-10-13,166,286,120,MEDIUM,MEDIUM,S1,S1,70.37544908251583,-150.19884149743632,22995.49765767948
502453,2023-06-18,2023-10-13,169,286,117,NONE,MEDIUM,MISSING,S1,70.37573275767946,-151.38088426855526,121093.8762824763
502958,2023-06-15,2023-10-13,166,286,120,MEDIUM,MEDIUM,S1,S1,70.36654354140613,-150.82953504951504,122171.11918769384
503077,2023-06-15,2023-10-13,166,286,120,MEDIUM,MEDIUM,S1,S1,70.36252333262837,-150.09686275256706,25818.701253627605
503214,2023-06-13,2023-10-13,164,286,122,NONE,MEDIUM,MISSING,S1,70.36001141668348,-150.1752051836931,5969.35068754177
503298,2023-06-15,2023-10-13,166,286,120,MEDIUM,MEDIUM,S1,S1,70.35926821144089,-150.46500713088827,24527.15702618349
503392,2023-06-18,2023-10-13,169,286,117,NONE,MEDIUM,MISSING,S1,70.35739970306024,-151.64260118855225,5489.367705208391
503421,2023-06-15,2023-10-13,166,286,120,MEDIUM,LOW,S1,S1,70.35681836554404,-150.56733499873403,25533.664799820173
503453,2023-06-15,2023-10-13,166,286,120,MEDIUM,MEDIUM,S1,S1,70.35568935298119,-150.542422867474,1410.180410968065
503586,2023-06-15,2023-10-13,166,286,120,MEDIUM,MEDIUM,S1,S1,70.35372867818108,-150.39973529823095,5691.852012396662
503601,2023-06-16,2023-10-13,167,286,119,NONE,MEDIUM,MISSING,S1,70.35320243719754,-151.70772025218562,6009.715243803018
503666,2023-06-12,2023-10-01,163,274,111,NONE,LOW,MISSING,S1,70.35199043255297,-150.62604816011415,1173.7830701699488
503676,2023-06-12,2023-09-19,163,262,99,NONE,LOW,MISSING,S1,70.35149380725522,-150.6152722266719,1271.2813989694728
503754,2023-06-15,2023-10-13,166,286,120,LOW,MEDIUM,S1,S1,70.35145526089893,-150.8156515207732,126861.62127655906
504024,2023-06-15,2023-10-13,166,286,120,MEDIUM,MEDIUM,S1,S1,70.3475172494697,-150.18563109768274,123178.95269654924
504026,2023-06-16,2023-10-13,167,286,119,NONE,MEDIUM,MISSING,S1,70.3457085112863,-151.51362210810132,24480.42768272653
504031,2023-06-12,2023-10-13,163,286,123,NONE,MEDIUM,MISSING,S1,70.34627312791885,-151.00388771435354,23618.429026942867
504059,2023-06-16,2023-10-13,167,286,119,NONE,MEDIUM,MISSING,S1,70.34476784361568,-151.15982637787445,5980.511370520906
504088,2023-06-15,2023-09-19,166,262,96,LOW,LOW,S1,S1,70.34414763868087,-150.54658406655008,1210.7594411420328
504103,2023-06-16,2023-10-13,167,286,119,NONE,MEDIUM,MISSING,S1,70.34509684007426,-151.36715593655117,124274.7512518356
504129,2023-06-15,2023-10-13,166,286,120,MEDIUM,MEDIUM,S1,S1,70.34348234674835,-150.33927259196273,23073.727089914653
504339,2023-06-16,2023-10-13,167,286,119,NONE,MEDIUM,MISSING,S1,70.33925047232745,-151.45671481543212,23278.879400445363
504367,2023-06-16,2023-10-13,167,286,119,NONE,MEDIUM,MISSING,S1,70.3382283527633,-151.3115390908392,5830.239594626765
504531,2023-06-12,2023-10-13,163,286,123,NONE,MEDIUM,MISSING,S1,70.33524425476517,-150.03914866296813,23275.44158468889
504894,2023-06-16,2023-10-13,167,286,119,NONE,MEDIUM,MISSING,S1,70.33008128603971,-151.8046578449616,114510.1306037026
504956,2023-06-15,2023-10-13,166,286,120,MEDIUM,MEDIUM,S1,S1,70.32690909918938,-150.8458550398174,27058.64338572416
504971,2023-06-15,2023-10-13,166,286,120,MEDIUM,MEDIUM,S1,S1,70.32663800711323,-150.45668756911678,5433.198582867822
505004,2023-06-12,2023-10-13,163,286,123,NONE,MEDIUM,MISSING,S1,70.32550813084163,-150.02723380249068,1269.769265492614
505041,2023-06-15,2023-10-13,166,286,120,LOW,MEDIUM,S1,S1,70.32544420964675,-150.96742612645443,23998.36176195672
505053,2023-06-16,2023-10-13,167,286,119,NONE,MEDIUM,MISSING,S1,70.32591745286345,-151.48671028815818,126000.09451911238
505055,2023-06-12,2023-09-19,163,262,99,NONE,LOW,MISSING,S1,70.32454603552603,-150.849928771044,1420.7670110668073
505205,2023-06-16,2023-10-13,167,286,119,NONE,MEDIUM,MISSING,S1,70.32116624049752,-151.0763190176137,23448.475949900083
505343,2023-06-15,2023-10-13,166,286,120,LOW,MEDIUM,S1,S1,70.31786007937552,-150.44166719729537,6033.287505725476
505465,2023-06-16,2023-10-13,167,286,119,NONE,MEDIUM,MISSING,S1,70.31589654604377,-151.46472080763024,111815.17784589784
505469,2023-06-16,2023-10-13,167,286,119,NONE,LOW,MISSING,S1,70.31523050362556,-151.8339223376846,25156.13976943783
505638,2023-06-16,2023-10-13,167,286,119,NONE,MEDIUM,MISSING,S1,70.3139836315846,-151.44827255836233,135134.5042146832
505639,2023-06-15,2023-10-13,166,286,120,MEDIUM,MEDIUM,S1,S1,70.3122136872736,-150.02610189492594,6226.92935993665
505651,2023-06-15,2023-10-13,166,286,120,MEDIUM,MEDIUM,S1,S1,70.313904792354,-150.34076077052072,116599.51464860183
505668,2023-06-15,2023-09-04,166,247,81,MEDIUM,NONE,S1,MISSING,70.31104168634718,-150.6557540204569,1322.0869471217443
506158,2023-06-27,2023-10-13,178,286,108,MEDIUM,MEDIUM,S1,S1,70.30153907757843,-150.60622951338382,22814.759508248357
506200,2023-06-15,2023-10-13,166,286,120,MEDIUM,MEDIUM,S1,S1,70.30020634626997,-151.6242571058059,5270.681740928397
506206,2023-06-12,2023-10-13,163,286,123,NONE,MEDIUM,MISSING,S1,70.30168780530244,-150.02688606593892,23480.296078230756
506434,2023-06-12,2023-10-13,163,286,123,NONE,MEDIUM,MISSING,S1,70.29644417415798,-150.32206739804874,24261.12996063033
506579,2023-06-15,2023-10-13,166,286,120,MEDIUM,MEDIUM,S1,S1,70.29294014833364,-151.19575665388055,26675.93263702498
506608,2023-06-12,2023-09-19,163,262,99,NONE,LOW,MISSING,S1,70.29156111250374,-150.89586133150928,1170.566569718531
506665,2023-06-15,2023-10-13,166,286,120,LOW,MEDIUM,S1,S1,70.29050512820533,-151.57277057049455,1406.183692584167
506673,2023-06-12,2023-10-13,163,286,123,NONE,MEDIUM,MISSING,S1,70.29041089400201,-150.5956324852165,1285.0506299036374
506833,2023-06-15,2023-10-13,166,286,120,MEDIUM,MEDIUM,S1,S1,70.288765449459,-151.86830186163112,117983.8324450919
506979,2023-06-15,2023-10-13,166,286,120,MEDIUM,MEDIUM,S1,S1,70.28553274781105,-151.77769106905,5581.483081440795
507060,2023-06-12,2023-10-13,163,286,123,NONE,MEDIUM,MISSING,S1,70.28357372400247,-150.63664316653092,6215.877399108201
507084,2023-06-15,2023-10-13,166,286,120,MEDIUM,MEDIUM,S1,S1,70.28348834573532,-151.38453293250288,5970.007352912472
507196,2023-06-15,2023-10-01,166,274,108,LOW,LOW,S1,S1,70.28292349713233,-151.63132817035086,121139.24891096343
507257,2023-06-15,2023-10-13,166,286,120,MEDIUM,MEDIUM,S1,S1,70.28018192843379,-151.21031362383232,5622.798890606904
507374,2023-06-12,2023-10-01,163,274,111,NONE,LOW,MISSING,S1,70.27793853568649,-150.22131889800815,1280.7938667188398
507380,2023-06-12,2023-10-13,163,286,123,NONE,MEDIUM,MISSING,S1,70.27773653859224,-150.0695132126463,5453.783540347871
507490,2023-06-15,2023-10-13,166,286,120,MEDIUM,LOW,S1,S1,70.2776911095148,-151.81463662271318,111766.67030046978
507492,2023-06-12,2023-10-13,163,286,123,NONE,MEDIUM,MISSING,S1,70.27609309224847,-150.2399263161361,5798.621242233885
507585,2023-06-15,2023-10-13,166,286,120,MEDIUM,MEDIUM,S1,S1,70.2810420651717,-150.13129005582186,754571.7958379284
507748,2023-06-12,2023-10-01,163,274,111,NONE,MEDIUM,MISSING,S1,70.27063340557491,-150.59520749217577,1374.3526957274062
507957,2023-06-15,2023-10-13,166,286,120,MEDIUM,MEDIUM,S1,S1,70.26618622935412,-151.46664243591567,5817.6853916102855
507981,2023-06-15,2023-10-01,166,274,108,MEDIUM,MEDIUM,S1,S1,70.2660331118451,-151.67693980785248,23782.1608597784
508096,2023-06-12,2023-10-13,163,286,123,NONE,LOW,MISSING,S1,70.26323663422222,-150.57455044696724,5536.304502977146
508174,2023-06-12,2023-10-13,163,286,123,NONE,MEDIUM,MISSING,S1,70.26215766498608,-150.02265000109537,5327.528641192347
508236,2023-06-15,2023-10-13,166,286,120,MEDIUM,MEDIUM,S1,S1,70.26078101663528,-151.50364206186617,6036.69625017962
508261,2023-06-15,2023-10-13,166,286,120,MEDIUM,MEDIUM,S1,S1,70.26015716668027,-151.61031092351257,5204.938922779675
508502,2023-06-08,2023-10-13,159,286,127,NONE,MEDIUM,MISSING,S1,70.25531827668779,-150.69606314230722,25877.54169050618
508509,2023-06-12,2023-10-13,163,286,123,NONE,MEDIUM,MISSING,S1,70.25666657672696,-151.12426820237843,116932.14480575168
508520,2023-06-15,2023-10-01,166,274,108,MEDIUM,LOW,S1,S1,70.25447569148419,-151.2188931589694,5382.086623431395
508569,2023-06-15,2023-10-13,166,286,120,MEDIUM,LOW,S1,S1,70.25835794115373,-151.1893575629904,662402.0929582022
508638,2023-06-12,2023-10-13,163,286,123,NONE,MEDIUM,MISSING,S1,70.25208991847516,-150.46224231819593,27300.87899990097
508672,2023-06-15,2023-10-13,166,286,120,MEDIUM,MEDIUM,S1,S1,70.25302051570476,-151.38349547109195,111035.57762249152
508718,2023-06-15,2023-10-13,166,286,120,MEDIUM,MEDIUM,S1,S1,70.2521791217576,-151.7347960959874,27348.506105317385
508720,2023-06-12,2023-10-13,163,286,123,NONE,MEDIUM,MISSING,S1,70.25124919099737,-150.58059539430238,25384.13787796935
509074,2023-06-07,2023-10-13,158,286,128,NONE,LOW,MISSING,S1,70.24296159924519,-151.07417342242402,23924.076860258465
509170,2023-06-08,2023-10-13,159,286,127,NONE,MEDIUM,MISSING,S1,70.24070616722163,-150.62756805553153,1389.6842892434026
509222,2023-06-15,2023-10-13,166,286,120,MEDIUM,MEDIUM,S1,S1,70.24025119968277,-150.63356157180235,25228.35782060376
509541,2023-06-15,2023-10-13,166,286,120,MEDIUM,MEDIUM,S1,S1,70.23392994761483,-151.94303560802754,25322.566375167906
509579,2023-06-15,2023-09-19,166,262,96,MEDIUM,LOW,S1,S1,70.23249391654588,-151.80292910051057,1306.9716020613694
509625,2023-06-08,2023-10-13,159,286,127,NONE,LOW,MISSING,S1,70.2317757032194,-150.85783455408952,1173.8730541632378
509676,2023-06-15,2023-09-19,166,262,96,MEDIUM,LOW,S1,S1,70.23017661803202,-150.15431194948692,1249.0341514781942
509684,2023-06-15,2023-10-13,166,286,120,LOW,MEDIUM,S1,S1,70.23100901493633,-151.36748311533415,121780.79018488762
509771,2023-06-12,2023-10-13,163,286,123,NONE,MEDIUM,MISSING,S1,70.22758554883094,-150.46894295428245,1383.7949764150137
509904,2023-06-15,2023-10-13,166,286,120,MEDIUM,LOW,S1,S1,70.22841740490917,-151.5875841828165,768141.3009444748
509931,2023-06-12,2023-10-01,163,274,111,NONE,LOW,MISSING,S1,70.22341461700876,-150.582599202797,1184.494954248001
510302,2023-06-08,2023-10-13,159,286,127,NONE,LOW,MISSING,S1,70.215026334466,-150.80470216996875,23834.62716880186
510354,2023-06-15,2023-10-13,166,286,120,MEDIUM,LOW,S1,S1,70.21627075035211,-151.2688210355143,129072.38698000068
510377,2023-06-15,2023-10-13,166,286,120,MEDIUM,LOW,S1,S1,70.21618120200165,-151.29704191277116,775200.6050504843
510439,2023-06-15,2023-10-13,166,286,120,MEDIUM,LOW,S1,S1,70.21198678010202,-151.23750416413267,26571.659198006408
510449,2023-06-15,2023-10-13,166,286,120,MEDIUM,LOW,S1,S1,70.21228356672208,-150.7014093392197,23910.60732066039
510461,2023-06-15,2023-10-13,166,286,120,LOW,LOW,S1,S1,70.21145612691082,-151.2320064481047,25072.07678269332
510507,2023-06-15,2023-10-13,166,286,120,MEDIUM,MEDIUM,S1,S1,70.21080855248827,-150.05868408773222,26764.531921188067
510670,2023-06-15,2023-10-13,166,286,120,MEDIUM,MEDIUM,S1,S1,70.20724381389718,-150.6736620039269,22957.79246911325
510713,2023-06-06,2023-09-19,157,262,105,NONE,LOW,MISSING,S1,70.20524483920865,-151.9396734871428,1212.5090482948513
510851,2023-06-12,2023-10-13,163,286,123,NONE,MEDIUM,MISSING,S1,70.20192503573396,-150.4965194803358,1287.5586531876272
510892,2023-06-06,2023-10-13,157,286,129,NONE,LOW,MISSING,S1,70.20238342548564,-151.76349629483846,118739.24671435596
510942,2023-06-15,2023-10-13,166,286,120,LOW,LOW,S1,S1,70.20200572787128,-150.98114827499933,114725.7248065583
510950,2023-06-06,2023-10-13,157,286,129,NONE,MEDIUM,MISSING,S1,70.19958986336113,-151.43210822474182,5981.500007702938
511237,2023-06-15,2023-10-13,166,286,120,MEDIUM,LOW,S1,S1,70.19435268496012,-151.1662811174371,25358.034356444703
511462,2023-06-06,2023-10-13,157,286,129,NONE,MEDIUM,MISSING,S1,70.18942218564528,-150.05699376930522,1224.971955242414
511519,2023-06-06,2023-10-13,157,286,129,NONE,MEDIUM,MISSING,S1,70.1886094401336,-150.26053849869183,26738.1121592339
511543,2023-06-15,2023-10-13,166,286,120,LOW,LOW,S1,S1,70.19203980488756,-150.98388051003954,659974.3469892098
511567,2023-06-07,2023-10-13,158,286,128,NONE,MEDIUM,MISSING,S1,70.18744741742879,-150.47053859185553,24829.982495414755
511723,2023-06-06,2023-10-13,157,286,129,NONE,LOW,MISSING,S1,70.18685216836822,-151.8177912849111,687795.66119699
511789,2023-06-15,2023-10-13,166,286,120,MEDIUM,LOW,S1,S1,70.18311876108609,-150.7235494160935,23450.24310373512
511910,2023-06-06,2023-10-13,157,286,129,NONE,MEDIUM,MISSING,S1,70.1809500623086,-150.9587397459018,25696.22265417513
512065,2023-06-07,2023-10-13,158,286,128,NONE,LOW,MISSING,S1,70.17768343810263,-150.53256170681044,26739.50170217988
512160,2023-06-06,2023-10-13,157,286,129,NONE,MEDIUM,MISSING,S1,70.1740219361202,-150.65903455749697,5640.599473851297
512288,2023-06-06,2023-10-13,157,286,129,NONE,LOW,MISSING,S1,70.17339236566451,-150.87307911007312,130216.26034647056
512493,2023-06-06,2023-10-13,157,286,129,NONE,LOW,MISSING,S1,70.16721318977967,-151.41802266427865,6025.660120515757
512632,2023-06-06,2023-10-13,157,286,129,NONE,MEDIUM,MISSING,S1,70.16440082086311,-150.05308096368617,5140.656189829166
512663,2023-06-06,2023-10-13,157,286,129,NONE,MEDIUM,MISSING,S1,70.16296853372826,-150.06758152907807,26101.252482788568
512736,2023-06-06,2023-10-01,157,274,117,NONE,LOW,MISSING,S1,70.16493751341244,-151.00229127904564,130368.8089912473
512793,2023-06-06,2023-10-13,157,286,129,NONE,MEDIUM,MISSING,S1,70.15995899446362,-150.22064835129268,24945.5949057894
512846,2023-06-06,2023-10-13,157,286,129,NONE,LOW,MISSING,S1,70.16262827867318,-151.0961151466698,762984.9121878908
512852,2023-07-09,2023-09-07,190,250,60,LOW,LOW,S1,S1,70.1588278412735,-150.85053341216195,23479.18908021598
512954,2023-06-06,2023-10-13,157,286,129,NONE,MEDIUM,MISSING,S1,70.15599639112037,-150.59007589465068,1377.1095935859214
513261,2023-06-06,2023-10-13,157,286,129,NONE,MEDIUM,MISSING,S1,70.14991815386053,-151.8790308240111,130880.09313734008
513659,2023-06-15,2023-10-13,166,286,120,MEDIUM,MEDIUM,S1,S1,70.13628221610598,-150.25546483038008,5187.720510476019
513711,2023-06-06,2023-10-13,157,286,129,NONE,MEDIUM,MISSING,S1,70.13509821011218,-151.94111098575632,23614.646417792403
513767,2023-06-06,2023-10-13,157,286,129,NONE,MEDIUM,MISSING,S1,70.13398574219548,-150.5794264615939,27575.55995522173
513849,2023-06-15,2023-09-01,166,244,78,LOW,NONE,S1,MISSING,70.13115695495647,-150.90204047962433,1390.5054912145986
514422,2023-06-06,2023-10-13,157,286,129,NONE,MEDIUM,MISSING,S1,70.11554183832332,-150.73789915426124,1296.3854535068554
514566,2023-06-06,2023-09-19,157,262,105,NONE,LOW,MISSING,S1,70.11070882172879,-150.93905421985883,5543.523038667737
514574,2023-06-06,2023-10-13,157,286,129,NONE,MEDIUM,MISSING,S1,70.11063900307036,-150.74512145604268,5639.667689933688
514594,2023-06-06,2023-10-13,157,286,129,NONE,LOW,MISSING,S1,70.10976245480812,-150.66255362621695,5411.874638200476
515046,2023-06-06,2023-10-13,157,286,129,NONE,LOW,MISSING,S1,70.09823747878747,-150.8083653710099,124428.02884389476
515340,2023-06-06,2023-10-13,157,286,129,NONE,MEDIUM,MISSING,S1,70.0893587034164,-150.66417872802762,119197.62030982104
515543,2023-06-06,2023-10-13,157,286,129,NONE,MEDIUM,MISSING,S1,70.0825100974629,-151.58079407503115,5990.29826288515
515609,2023-06-06,2023-09-19,157,262,105,NONE,LOW,MISSING,S1,70.08074771740314,-151.31397472718064,1318.3010564226602
515655,2023-06-06,2023-10-13,157,286,129,NONE,LOW,MISSING,S1,70.0796057913556,-150.93469441181918,5239.249600878567
515808,2023-06-15,2023-09-19,166,262,96,MEDIUM,LOW,S1,S1,70.07568679365643,-151.46359587818085,25792.127252244405
515886,2023-06-27,2023-10-13,178,286,108,MEDIUM,LOW,S1,S1,70.07408971840447,-151.3513080650469,26507.26190658149
515946,2023-06-15,2023-10-13,166,286,120,MEDIUM,LOW,S1,S1,70.07261215071475,-150.64970691855382,27021.47020286129
515955,2023-06-27,2023-09-01,178,244,66,MEDIUM,NONE,S1,MISSING,70.07330425509464,-151.11592655117437,25285.256395699336
516112,2023-06-06,2023-10-01,157,274,117,NONE,LOW,MISSING,S1,70.06836466951458,-151.49667507404138,23890.24434971284
516199,2023-06-06,2023-09-19,157,262,105,NONE,LOW,MISSING,S1,70.06596377244101,-151.42894506241757,24100.979925170064
516381,2023-06-06,2023-10-13,157,286,129,NONE,LOW,MISSING,S1,70.06070774606926,-151.75461465730172,111060.46927004909
516570,2023-06-15,2023-10-13,166,286,120,MEDIUM,LOW,S1,S1,70.05524943659677,-150.95327906975112,23443.939814067777
516603,2023-06-15,2023-10-13,166,286,120,MEDIUM,MEDIUM,S1,S1,70.05387461741249,-151.7598362596498,1343.8322116630768
516654,2023-06-06,2023-09-19,157,262,105,NONE,LOW,MISSING,S1,70.05265656560093,-150.89053651600364,5947.885198500624
516669,2023-06-06,2023-10-13,157,286,129,NONE,LOW,MISSING,S1,70.05262343405789,-151.78636088782295,23849.89288743216
516861,2023-06-06,2023-10-13,157,286,129,NONE,MEDIUM,MISSING,S1,70.04678762674654,-150.9186675756008,1254.823162524439
516873,2023-06-15,2023-10-13,166,286,120,MEDIUM,MEDIUM,S1,S1,70.04728272181232,-151.81569230311976,27512.10663572554
516910,2023-06-27,2023-10-01,178,274,96,LOW,LOW,S1,S1,70.04647035352899,-151.21952021336233,123122.4099096006
517017,2023-06-06,2023-10-13,157,286,129,NONE,MEDIUM,MISSING,S1,70.04225085475846,-151.66015134781196,1334.136201630126
517107,2023-06-06,2023-10-13,157,286,129,NONE,MEDIUM,MISSING,S1,70.04144310489741,-151.0526222488955,131118.73721349295
517142,2023-06-06,2023-10-13,157,286,129,NONE,MEDIUM,MISSING,S1,70.03868845212656,-151.6642761261275,1356.4758330341326
517186,2023-06-15,2023-10-25,166,298,132,MEDIUM,MEDIUM,S1,S1,70.03721232422302,-150.9459543466853,23944.591283757884
517207,2023-06-06,2023-10-13,157,286,129,NONE,MEDIUM,MISSING,S1,70.0366958164983,-150.76859300975133,5677.754681831359
517378,2023-06-06,2023-10-13,157,286,129,NONE,LOW,MISSING,S1,70.03234597175127,-150.99351682843968,26581.63310802838
517438,2023-06-06,2023-10-13,157,286,129,NONE,MEDIUM,MISSING,S1,70.02966138330422,-151.11227341085802,5661.202791892343
517641,2023-06-06,2023-10-13,157,286,129,NONE,LOW,MISSING,S1,70.02738719587656,-151.7414055870827,735335.1280832357
517645,2023-06-15,2023-10-13,166,286,120,MEDIUM,MEDIUM,S1,S1,70.02296917405567,-150.98470893431866,24575.62716829373
517662,2023-06-06,2023-10-13,157,286,129,NONE,LOW,MISSING,S1,70.02240960134452,-151.47193347512197,24809.8252826693
517753,2023-06-15,2023-10-01,166,274,108,LOW,MEDIUM,S1,S1,70.01944213748259,-151.09808287119438,1379.6807230389884
517767,2023-06-15,2023-11-06,166,310,144,LOW,MEDIUM,S1,S1,70.01926409731112,-151.31936930830332,24832.402908886685
626180,2023-06-18,2023-10-01,169,274,105,NONE,MEDIUM,MISSING,S1,70.50678984733571,-149.44875584337424,1289.8399875798
626183,2023-06-28,2023-10-01,179,274,95,HIGH,MEDIUM,S2,S1,70.5060942720555,-149.44785081307913,1393.3411082737507
626197,2023-06-18,2023-10-04,169,277,108,NONE,HIGH,MISSING,S2,70.50237797926486,-149.46670395675997,5567.2457156041855
626225,2023-06-17,2023-10-13,168,286,118,NONE,MEDIUM,MISSING,S1,70.49788839098221,-149.86974451144286,1401.6746344902922
626341,2023-06-18,2023-10-04,169,277,108,NONE,HIGH,MISSING,S2,70.49018444309945,-149.5790683741518,25848.26211072082
626390,2023-06-17,2023-10-13,168,286,118,NONE,MEDIUM,MISSING,S1,70.48600748497648,-149.75781397487515,6010.080829800512
626415,2023-06-18,2023-09-25,169,268,99,NONE,HIGH,MISSING,S2,70.48843894788092,-149.56534084926875,127084.98225775675
626444,2023-06-17,2023-10-01,168,274,106,NONE,LOW,MISSING,S1,70.4836975091274,-149.93026076299208,1295.9037045820116
626462,2023-06-17,2023-10-13,168,286,118,NONE,MEDIUM,MISSING,S1,70.48410628940188,-149.8342849296472,26688.251766240588
626483,2023-06-17,2023-10-13,168,286,118,NONE,MEDIUM,MISSING,S1,70.48225434783659,-149.8305304797927,27299.74533583428
626487,2023-06-18,2023-10-04,169,277,108,NONE,HIGH,MISSING,S2,70.48243404992952,-149.63204394914365,27881.7084502482
626622,2023-06-18,2023-10-04,169,277,108,HIGH,HIGH,S2,S2,70.47625843675839,-149.52516583548356,1403.2900737233178
626713,2023-06-17,2023-10-13,168,286,118,NONE,MEDIUM,MISSING,S1,70.47336407353222,-149.9232980762468,23461.42166315268
626725,2023-06-17,2023-09-04,168,247,79,NONE,NONE,MISSING,MISSING,70.47178033563233,-149.9037558710227,1160.4745971568211
626731,2023-06-25,2023-10-05,176,278,102,NONE,HIGH,MISSING,S2,70.47145904209422,-149.26086631388085,5802.30192105645
626778,2023-06-18,2023-10-04,169,277,108,NONE,HIGH,MISSING,S2,70.46971630514042,-149.42841811979423,24045.896928846956
626819,2023-06-18,2023-10-13,169,286,117,NONE,MEDIUM,MISSING,S1,70.46838470759585,-149.7003232488686,116403.07525876274
626822,2023-06-25,2023-09-30,176,273,97,NONE,MEDIUM,MISSING,S2_PARTIAL,70.46845355965907,-149.32408697732467,133328.14972033052
626831,2023-06-18,2023-10-01,169,274,105,HIGH,LOW,S2,S1,70.46627536310065,-149.61373077428644,1326.633408121636
626834,2023-06-18,2023-09-25,169,268,99,HIGH,HIGH,S2,S2,70.46665868932563,-149.61753187088672,27620.78836413661
626857,2023-06-03,2023-10-05,154,278,124,LOW,HIGH,S1,S2,70.46514517522496,-149.15166406180836,1402.535096229008
626859,2023-06-17,2023-10-13,168,286,118,NONE,MEDIUM,MISSING,S1,70.46483904482227,-149.78894215554757,1302.2732534305617
626872,2023-06-12,2023-10-05,163,278,115,MEDIUM,HIGH,S2,S2,70.46406506017739,-149.1552203293235,1208.5308053940096
626912,2023-06-17,2023-10-13,168,286,118,NONE,MEDIUM,MISSING,S1,70.46395973480904,-149.91712219847935,26194.270113654693
626915,2023-06-25,2023-10-01,176,274,98,NONE,LOW,MISSING,S1,70.46269858838482,-149.22421822960192,5520.193764268031
626937,2023-06-17,2023-10-13,168,286,118,NONE,MEDIUM,MISSING,S1,70.4614904742312,-149.80074071925736,1198.766036588629
627085,2023-06-25,2023-10-05,176,278,102,NONE,HIGH,MISSING,S2,70.45626455290257,-149.2523482638554,5402.039527288343
627137,2023-06-13,2023-10-05,164,278,114,NONE,HIGH,MISSING,S2,70.45323165398382,-149.24628722095025,1159.7887124288134
627243,2023-06-13,2023-10-04,164,277,113,NONE,HIGH,MISSING,S2,70.44921724817546,-149.5602899222783,1403.8765490364494
627257,2023-06-13,2023-10-13,164,286,122,NONE,MEDIUM,MISSING,S1,70.44997325147071,-149.76194426373135,22960.38573640065
627295,2023-06-17,2023-09-26,168,269,101,NONE,HIGH,MISSING,S2,70.44849798349604,-149.6062677031311,130426.77590762416
627419,2023-06-13,2023-10-13,164,286,122,NONE,MEDIUM,MISSING,S1,70.44253331067667,-149.7246096186988,1301.8319878469276
627422,2023-06-15,2023-10-13,166,286,120,LOW,MEDIUM,S1,S1,70.44538961464981,-149.79430471680894,124399.04164986014
627505,2023-06-15,2023-10-13,166,286,120,MEDIUM,MEDIUM,S1,S1,70.44105189811327,-149.89547508738832,126787.07806110178
627562,2023-06-13,2023-09-19,164,262,98,NONE,LOW,MISSING,S1,70.43751353906391,-149.68495952596874,1376.510293532646
627584,2023-06-13,2023-10-13,164,286,122,NONE,MEDIUM,MISSING,S1,70.43604520201824,-149.9636649048484,1294.306673631943
627612,2023-06-13,2023-10-05,164,278,114,NONE,HIGH,MISSING,S2,70.43500899260391,-149.2760274619786,5256.054839427437
627661,2023-06-13,2023-10-01,164,274,110,NONE,LOW,MISSING,S1,70.43271947493214,-149.5247450201278,1162.6447257517148
627664,2023-06-15,2023-10-01,166,274,108,MEDIUM,LOW,S1,S1,70.43393372223088,-149.79651904996533,25555.644360940907
627714,2023-06-13,2023-10-04,164,277,113,NONE,HIGH,MISSING,S2,70.43123688207974,-149.53283786787898,27565.276085819845
627723,2023-06-13,2023-10-01,164,274,110,NONE,LOW,MISSING,S1,70.43049591652036,-149.128887832621,27362.84747113632
627729,2023-06-13,2023-10-13,164,286,122,NONE,MEDIUM,MISSING,S1,70.43409043558711,-149.86294860959825,702943.7836754892
627738,2023-06-28,2023-10-05,179,278,99,HIGH,HIGH,S2,S2,70.42936182850603,-149.00789181973298,1405.058195781491
627777,2023-06-15,2023-10-05,166,278,112,LOW,HIGH,S1,S2,70.42821877433687,-149.04296469439856,6138.964813981893
627792,2023-06-13,2023-10-13,164,286,122,NONE,MEDIUM,MISSING,S1,70.42735421927708,-149.90894316843577,1203.9622811183488
627837,2023-06-13,2023-10-01,164,274,110,NONE,LOW,MISSING,S1,70.42550772511568,-149.29631278835865,5864.718872847443
627887,2023-06-15,2023-10-05,166,278,112,MEDIUM,HIGH,S1,S2,70.42756547066692,-149.1206535420895,127963.52456803794
627930,2023-06-15,2023-09-28,166,271,105,MEDIUM,HIGH,S1,S2,70.42509471311348,-149.13887298117191,116604.90528186118
627938,2023-06-15,2023-10-05,166,278,112,MEDIUM,HIGH,S1,S2,70.4220428978539,-149.017949730901,1341.3941035352102
628049,2023-06-15,2023-10-05,166,278,112,LOW,HIGH,S1,S2,70.41751743671202,-148.9976637773737,1163.592945848218
628134,2023-06-13,2023-10-05,164,278,114,NONE,HIGH,MISSING,S2,70.41353325598692,-149.41436183494292,1344.8685572078823
628196,2023-06-13,2023-10-05,164,278,114,NONE,HIGH,MISSING,S2,70.41148356077974,-149.1357852247782,1172.030763097684
628217,2023-06-13,2023-10-13,164,286,122,NONE,MEDIUM,MISSING,S1,70.41100149070947,-149.9468030367113,5267.033977014176
628234,2023-07-05,2023-10-05,186,278,92,NONE,HIGH,MISSING,S2,70.41047704479523,-149.14677418508035,26767.49527946809
628325,2023-06-30,2023-10-05,181,278,97,HIGH,HIGH,S2,S2,70.40695765377096,-149.24322675119203,5788.012099081309
628341,2023-06-13,2023-10-01,164,274,110,NONE,LOW,MISSING,S1,70.40616975591573,-149.57934794580115,1406.7127486770848
628381,2023-06-13,2023-10-05,164,278,114,NONE,HIGH,MISSING,S2,70.40409868108866,-149.48932676432477,5493.700253258648
628406,2023-06-15,2023-09-25,166,268,102,MEDIUM,HIGH,S1,S2,70.40899987628265,-149.37995510331174,664219.2058087194
628418,2023-06-13,2023-10-05,164,278,114,NONE,HIGH,MISSING,S2,70.40241901967308,-149.43590203507256,1240.1754617248596
628491,2023-06-15,2023-10-05,166,278,112,MEDIUM,HIGH,S1,S2,70.40028008106509,-148.72652211341014,1206.031283955091
628576,2023-06-13,2023-10-13,164,286,122,NONE,MEDIUM,MISSING,S1,70.39846955356951,-149.82987579725187,5413.9356544088105
628610,2023-06-13,2023-10-05,164,278,114,NONE,HIGH,MISSING,S2,70.39704037232029,-149.4995452896686,1262.039854547815
628654,2023-06-15,2023-09-28,166,271,105,LOW,MEDIUM,S1,S2_PARTIAL,70.39541542652577,-148.89788277621668,26416.264079340064
628686,2023-06-13,2023-10-13,164,286,122,NONE,MEDIUM,MISSING,S1,70.39544354786531,-149.92290696062815,134451.9556736093
628744,2023-06-15,2023-10-05,166,278,112,MEDIUM,HIGH,S1,S2,70.3921136516405,-148.7643728634801,6168.308492513544
628817,2023-06-13,2023-10-13,164,286,122,NONE,MEDIUM,MISSING,S1,70.39045609742682,-149.95524863698935,6272.887488556206
628819,2023-06-15,2023-10-05,166,278,112,MEDIUM,HIGH,S1,S2,70.39134979452565,-148.82910966321563,22827.25840810977
628841,2023-06-15,2023-10-13,166,286,120,MEDIUM,MEDIUM,S1,S1,70.38950947465403,-149.7536376489554,6276.355562409392
628847,2023-06-17,2023-10-04,168,277,109,NONE,HIGH,MISSING,S2,70.39088453494703,-149.59237838678683,128434.75577787626
628853,2023-06-13,2023-10-05,164,278,114,NONE,HIGH,MISSING,S2,70.38927511748685,-149.2694124145923,25913.70489866726
628878,2023-06-15,2023-10-01,166,274,108,MEDIUM,LOW,S1,S1,70.38847515720428,-148.8877020317723,24230.57400469694
628889,2023-06-15,2023-10-01,166,274,108,MEDIUM,LOW,S1,S1,70.38797777124941,-149.49263074501627,5253.462609541456
628910,2023-06-30,2023-09-28,181,271,90,LOW,HIGH,S2_PARTIAL,S2,70.38684681149184,-148.6067188666538,1383.2019113737344
629083,2023-06-18,2023-09-26,169,269,100,HIGH,HIGH,S2,S2,70.38240882135075,-149.02173066171474,118571.60049394358
629185,2023-06-15,2023-10-05,166,278,112,MEDIUM,HIGH,S1,S2,70.37771507704768,-148.62025007934486,5301.993518951999
629211,2023-06-15,2023-10-05,166,278,112,LOW,HIGH,S1,S2,70.37746952839234,-148.7253223143287,5858.856300164431
629224,2023-06-13,2023-10-05,164,278,114,NONE,HIGH,MISSING,S2,70.3762992932557,-149.273763738027,1264.8602585929095
629227,2023-06-15,2023-10-05,166,278,112,MEDIUM,HIGH,S1,S2,70.37678820099451,-148.76196376596909,25812.06252957757
629333,2023-06-13,2023-10-05,164,278,114,NONE,HIGH,MISSING,S2,70.3745460983869,-149.36051337981735,26376.737308930544
629372,2023-06-28,2023-10-05,179,278,99,HIGH,HIGH,S2,S2,70.37443031457944,-149.56906922687412,130515.41184487936
629462,2023-06-15,2023-10-03,166,276,110,LOW,HIGH,S1,S2,70.3705066340425,-148.63818616877566,126375.85800392524
629473,2023-06-13,2023-10-05,164,278,114,NONE,HIGH,MISSING,S2,70.36900721117456,-149.3727816721466,5983.052610418135
629480,2023-06-03,2023-10-01,154,274,120,LOW,MEDIUM,S1,S1,70.36881304082874,-148.51155414316815,1315.039766371914
629488,2023-06-13,2023-10-05,164,278,114,NONE,HIGH,MISSING,S2,70.36974485339226,-149.24335162978323,26564.85298900435
629492,2023-06-15,2023-10-05,166,278,112,MEDIUM,HIGH,S1,S2,70.36846716181535,-148.7092141877871,5826.578962326357
629494,2023-06-15,2023-10-05,166,278,112,LOW,HIGH,S1,S2,70.36847245982642,-148.53704563678534,5372.542318652695
629575,2023-06-15,2023-10-13,166,286,120,MEDIUM,MEDIUM,S1,S1,70.36639640607534,-149.79607644910945,23715.682341376145
629614,2023-06-13,2023-10-04,164,277,113,NONE,HIGH,MISSING,S2,70.36471495986744,-149.62706214636052,5317.3644686561465
629630,2023-06-23,2023-09-25,174,268,94,HIGH,HIGH,S2,S2,70.36602258402023,-149.6490872774174,113250.50301415278
629635,2023-06-15,2023-09-07,166,250,84,MEDIUM,LOW,S1,S1,70.36408124080005,-149.0596019606456,1174.7974953237267
629734,2023-06-03,2023-10-05,154,278,124,LOW,HIGH,S1,S2,70.36110606956417,-148.56359580138616,1422.9788327688475
629737,2023-06-15,2023-10-05,166,278,112,LOW,HIGH,S1,S2,70.36099271768585,-148.84996503986733,1374.8891928871308
629792,2023-06-13,2023-10-13,164,286,122,NONE,MEDIUM,MISSING,S1,70.36017779164327,-149.82506524990703,25321.495980299675
629807,2023-06-13,2023-10-13,164,286,122,NONE,MEDIUM,MISSING,S1,70.35844429616375,-149.8609683671233,1175.0561891961647
629820,2023-06-13,2023-10-05,164,278,114,NONE,HIGH,MISSING,S2,70.35844946588503,-149.51213309093032,5528.950701192609
629864,2023-06-15,2023-10-05,166,278,112,LOW,HIGH,S1,S2,70.35725368357227,-148.84546292984095,5843.700555489359
629906,2023-06-13,2023-10-01,164,274,110,NONE,LOW,MISSING,S1,70.35558910586249,-149.51939815359577,1210.168137212598
629945,2023-06-15,2023-10-05,166,278,112,MEDIUM,HIGH,S1,S2,70.35441289234873,-148.62431582363766,5658.556531550523
629959,2023-06-12,2023-10-13,163,286,123,NONE,MEDIUM,MISSING,S1,70.35484394173972,-149.97514056909367,116673.05133508464
629969,2023-06-13,2023-10-05,164,278,114,NONE,HIGH,MISSING,S2,70.35379184375735,-148.6397584114692,5334.79443119879
629976,2023-07-09,2023-10-13,190,286,96,LOW,MEDIUM,S1,S1,70.35342389936392,-149.76467803673376,1362.196625502287
630044,2023-06-13,2023-10-05,164,278,114,NONE,HIGH,MISSING,S2,70.35202335637256,-149.48192284443363,5408.108527799449
630078,2023-06-12,2023-10-13,163,286,123,NONE,MEDIUM,MISSING,S1,70.35060158535254,-149.9282069520069,1311.2611015201242
630113,2023-06-15,2023-10-05,166,278,112,LOW,HIGH,S1,S2,70.35019570072068,-149.19310116679665,24652.208445038268
630158,2023-06-12,2023-10-13,163,286,123,NONE,MEDIUM,MISSING,S1,70.34842443256015,-149.9713218182437,1365.9256704290715
630250,2023-06-13,2023-10-05,164,278,114,NONE,HIGH,MISSING,S2,70.34771336671517,-149.35217718541577,131215.75567236386
630259,2023-06-12,2023-10-13,163,286,123,NONE,MEDIUM,MISSING,S1,70.34604854130167,-149.77573706048508,5474.367534364567
630420,2023-06-13,2023-09-07,164,250,86,NONE,LOW,MISSING,S1,70.34048747813443,-149.50708268938496,1278.7817546901013
630450,2023-06-12,2023-10-13,163,286,123,NONE,MEDIUM,MISSING,S1,70.34073777560202,-149.91944222780876,24535.57709629694
630477,2023-06-13,2023-10-05,164,278,114,NONE,HIGH,MISSING,S2,70.34055842795786,-148.75768711102594,115643.72969295316
630484,2023-06-12,2023-10-01,163,274,111,NONE,MEDIUM,MISSING,S1,70.33956242765797,-149.69949030074667,23451.95645270195
630515,2023-06-15,2023-10-05,166,278,112,LOW,HIGH,S1,S2,70.33869376570327,-148.5868233342971,5884.945902258398
630553,2023-06-13,2023-09-19,164,262,98,NONE,LOW,MISSING,S1,70.33740368143864,-148.59597920946297,1169.8016774828689
630586,2023-06-12,2023-10-01,163,274,111,NONE,LOW,MISSING,S1,70.33658759001952,-149.94694108825044,1308.8619163898973
630657,2023-06-13,2023-10-05,164,278,114,NONE,HIGH,MISSING,S2,70.33532675476735,-149.3543077442009,25608.260635656374
630746,2023-06-13,2023-10-05,164,278,114,NONE,HIGH,MISSING,S2,70.33233369973763,-148.8612532467182,1373.605571386097
630748,2023-06-27,2023-10-08,178,281,103,LOW,HIGH,S1,S2,70.33234639154553,-148.48526690261355,1170.1857501369982
630759,2023-06-13,2023-10-05,164,278,114,NONE,HIGH,MISSING,S2,70.33293250625674,-149.44538725195113,23373.38992179134
630773,2023-06-28,2023-09-07,179,250,71,HIGH,LOW,S2,S1,70.33115705344447,-148.5090069119573,1376.891675096472
630821,2023-06-13,2023-10-01,164,274,110,NONE,LOW,MISSING,S1,70.33045853912841,-149.03028146036212,5741.6049030204
630909,2023-06-15,2023-10-03,166,276,110,MEDIUM,NONE,S1,MISSING,70.33396434455112,-148.7243160667854,726905.4285258724
630916,2023-06-13,2023-10-05,164,278,114,NONE,HIGH,MISSING,S2,70.32929258811552,-148.87065783828618,24375.729496978067
630941,2023-06-13,2023-10-05,164,278,114,NONE,HIGH,MISSING,S2,70.32846315181855,-149.3101032929534,25440.55650183492
630949,2023-06-23,2023-10-05,174,278,104,HIGH,HIGH,S2,S2,70.32747753597067,-148.81547269160404,5477.665880514001
630971,2023-06-12,2023-10-13,163,286,123,NONE,MEDIUM,MISSING,S1,70.33255158746337,-149.88552211529952,749434.6792987997
631008,2023-06-15,2023-09-28,166,271,105,MEDIUM,NONE,S1,MISSING,70.3260800333325,-148.70560930222317,5818.932067810618
631026,2023-06-13,2023-10-05,164,278,114,NONE,HIGH,MISSING,S2,70.32609977034262,-149.23701469445172,23560.527775676142
631045,2023-06-13,2023-10-05,164,278,114,NONE,HIGH,MISSING,S2,70.32491226101826,-148.68121842334023,5873.724936757163
631065,2023-06-13,2023-10-05,164,278,114,NONE,HIGH,MISSING,S2,70.32461083436334,-149.32642634998737,111815.8097066166
631113,2023-06-13,2023-10-05,164,278,114,NONE,HIGH,MISSING,S2,70.32233759532521,-149.43598845333997,1410.9792414767046
631161,2023-06-13,2023-10-05,164,278,114,NONE,HIGH,MISSING,S2,70.3214928120836,-149.1849416309647,24133.648542927
631230,2023-06-15,2023-10-05,166,278,112,LOW,HIGH,S1,S2,70.31961167663532,-148.53652590448235,23580.779613088933
631245,2023-06-13,2023-09-19,164,262,98,NONE,MEDIUM,MISSING,S1,70.3187251837454,-149.09640378618866,1308.390908607784
631260,2023-06-15,2023-10-05,166,278,112,MEDIUM,HIGH,S1,S2,70.31896223778837,-148.72681920126928,23794.856330475075
631321,2023-06-15,2023-10-05,166,278,112,MEDIUM,HIGH,S1,S2,70.31681769027126,-148.92661300821695,26337.68179222257
631363,2023-06-15,2023-10-13,166,286,120,MEDIUM,MEDIUM,S1,S1,70.31583177176579,-149.92815394389504,1310.2622267055558
631379,2023-06-13,2023-10-01,164,274,110,NONE,LOW,MISSING,S1,70.31572481672106,-149.46962783147637,1341.4764760241487
631432,2023-06-18,2023-10-05,169,278,109,NONE,HIGH,MISSING,S2,70.31434999934626,-148.52216456124012,5588.769285160983
631438,2023-06-13,2023-10-05,164,278,114,NONE,HIGH,MISSING,S2,70.31438437465987,-148.62990679400346,5221.080144807803
631446,2023-06-15,2023-09-26,166,269,103,MEDIUM,HIGH,S1,S2,70.31906572054044,-148.8097587776686,702653.1360747328
631482,2023-06-12,2023-10-13,163,286,123,NONE,MEDIUM,MISSING,S1,70.31300158614087,-149.8302496586743,5814.406291524384
631577,2023-06-12,2023-10-13,163,286,123,NONE,MEDIUM,MISSING,S1,70.31038178580859,-149.9194547401749,1242.492829485183
631650,2023-06-13,2023-10-01,164,274,110,NONE,LOW,MISSING,S1,70.30824479240236,-149.04563414408636,5991.160739093155
631697,2023-06-15,2023-10-13,166,286,120,MEDIUM,MEDIUM,S1,S1,70.30815455655977,-149.66895798516742,118910.01450702907
631698,2023-06-13,2023-09-26,164,269,105,NONE,HIGH,MISSING,S2,70.30681824369908,-149.3453541599315,23549.347100198425
631704,2023-06-13,2023-10-05,164,278,114,NONE,HIGH,MISSING,S2,70.30685420628615,-149.12448598668075,5403.889771904295
631797,2023-06-13,2023-10-05,164,278,114,NONE,HIGH,MISSING,S2,70.30445104317849,-149.21284450444608,5896.342085500191
631811,2023-06-12,2023-10-13,163,286,123,NONE,MEDIUM,MISSING,S1,70.30455920332959,-149.84949951532582,26525.194567393668
631892,2023-06-13,2023-10-05,164,278,114,NONE,HIGH,MISSING,S2,70.30230062127694,-149.2053727473306,5325.354917615336
631903,2023-06-18,2023-10-01,169,274,105,NONE,LOW,MISSING,S1,70.30221928653614,-148.42185553668938,1380.623484777784
631954,2023-06-13,2023-10-05,164,278,114,NONE,HIGH,MISSING,S2,70.3009045567684,-148.55419469698063,1304.557040361222
631970,2023-06-13,2023-10-05,164,278,114,NONE,HIGH,MISSING,S2,70.30044837310037,-149.38281102903846,1171.8136095619848
631992,2023-06-12,2023-10-13,163,286,123,NONE,MEDIUM,MISSING,S1,70.3035760961569,-149.73428322594808,116267.49795992515
632037,2023-06-15,2023-10-13,166,286,120,MEDIUM,MEDIUM,S1,S1,70.29956170106351,-149.89572517016694,5670.552856370193
632097,2023-06-15,2023-10-13,166,286,120,MEDIUM,MEDIUM,S1,S1,70.29796889690563,-149.79996084098315,5503.564011273885
632141,2023-06-13,2023-10-05,164,278,114,NONE,HIGH,MISSING,S2,70.29713433574508,-149.6384122679221,1175.162586875558
632160,2023-06-13,2023-10-05,164,278,114,NONE,HIGH,MISSING,S2,70.29698321019269,-149.29439551190515,1410.8499406846904
632180,2023-06-13,2023-10-05,164,278,114,NONE,HIGH,MISSING,S2,70.2959952019085,-149.50676386066468,1402.325988198525
632235,2023-06-15,2023-10-01,166,274,108,MEDIUM,LOW,S1,S1,70.29514861007702,-148.75183458946273,1275.1250356092514
632237,2023-06-15,2023-10-05,166,278,112,LOW,HIGH,S1,S2,70.29535996540359,-148.9034426335253,22856.12730020734
632238,2023-06-13,2023-10-05,164,278,114,NONE,HIGH,MISSING,S2,70.294670625986,-149.4554251131321,1297.9681298684768
632270,2023-06-17,2023-09-25,168,268,100,NONE,HIGH,MISSING,S2,70.29419373350726,-149.62066866915043,26185.34803861402
632329,2023-06-15,2023-10-13,166,286,120,MEDIUM,MEDIUM,S1,S1,70.29432608717232,-149.69884261095794,24136.293272874307
632397,2023-06-13,2023-10-05,164,278,114,NONE,HIGH,MISSING,S2,70.29158293282727,-149.18118255133913,5959.685030055028
632417,2023-06-10,2023-10-01,161,274,113,MEDIUM,LOW,S2,S1,70.29115455970484,-148.31421785375773,1414.6115050941594
632557,2023-06-24,2023-10-05,175,278,103,MEDIUM,HIGH,S2_PARTIAL,S2,70.28769778872412,-148.2096126885245,24264.60964588863
632566,2023-05-22,2023-09-28,142,271,129,LOW,MEDIUM,S1,S2_PARTIAL,70.2887882314181,-148.2461556527905,125620.35729191758
632698,2023-06-13,2023-09-07,164,250,86,NONE,LOW,MISSING,S1,70.28423307433462,-149.53747594110416,1172.6722539522505
632743,2023-06-27,2023-10-01,178,274,96,LOW,LOW,S1,S1,70.28437320395545,-147.96985660834645,127251.7645944818
632761,2023-06-15,2023-10-13,166,286,120,MEDIUM,MEDIUM,S1,S1,70.28278520090257,-149.83929418758004,5685.451227094064
632806,2023-06-15,2023-10-05,166,278,112,MEDIUM,HIGH,S1,S2,70.28307158494344,-149.64297383848347,23215.004794665536
632832,2023-06-15,2023-10-05,166,278,112,LOW,HIGH,S1,S2,70.28230736397545,-148.62876815274672,124319.859389834
632910,2023-06-27,2023-10-05,178,278,100,MEDIUM,HIGH,S1,S2,70.28484994508189,-148.39030831337269,688944.7043486541
632960,2023-06-13,2023-10-05,164,278,114,NONE,HIGH,MISSING,S2,70.27921084866358,-148.91452181907204,1177.9212439464022
633028,2023-06-15,2023-10-05,166,278,112,LOW,HIGH,S1,S2,70.27936693638945,-148.80919832996702,128067.82446634393
633072,2023-06-13,2023-09-26,164,269,105,NONE,HIGH,MISSING,S2,70.27821123171907,-148.87661731048613,24611.302579381685
633109,2023-07-09,2023-09-25,190,268,78,MEDIUM,HIGH,S1,S2,70.27713013377841,-149.37555499401245,25551.10932542651
633143,2023-06-13,2023-10-05,164,278,114,NONE,HIGH,MISSING,S2,70.2760756595674,-148.8880134592708,5182.8289212808095
633191,2023-06-18,2023-10-05,169,278,109,NONE,HIGH,MISSING,S2,70.27468253665343,-148.342554143594,1284.6956176820506
633209,2023-06-13,2023-10-05,164,278,114,NONE,HIGH,MISSING,S2,70.274136615863,-149.4633687470722,1180.190094226832
633210,2023-06-27,2023-10-05,178,278,100,MEDIUM,HIGH,S1,S2,70.27514219715735,-148.36426957942862,23402.317609562146
633292,2023-06-13,2023-09-19,164,262,98,NONE,LOW,MISSING,S1,70.2724689414743,-149.14767269611193,1176.862125789505
633376,2023-06-18,2023-10-05,169,278,109,HIGH,HIGH,S2,S2,70.27082089518089,-148.5294255451311,5663.48240160297
633421,2023-06-23,2023-09-02,174,245,71,MEDIUM,MEDIUM,S2,S2_PARTIAL,70.27099149166575,-147.92541196185388,22924.046608818957
633430,2023-06-15,2023-10-05,166,278,112,MEDIUM,HIGH,S1,S2,70.2708845768623,-148.76060713274023,23617.66137624776
633474,2023-06-13,2023-10-01,164,274,110,NONE,LOW,MISSING,S1,70.26892714647784,-149.1393672962032,1381.2684654750012
633494,2023-06-15,2023-09-26,166,269,103,LOW,HIGH,S1,S2,70.26997276964448,-148.74414348611205,117696.40025836848
633517,2023-06-13,2023-10-05,164,278,114,NONE,HIGH,MISSING,S2,70.26809671614494,-148.73861953955367,1381.2410932758914
633560,2023-06-12,2023-10-13,163,286,123,NONE,MEDIUM,MISSING,S1,70.26794146638736,-149.92065551996933,5747.439798890421
633592,2023-06-15,2023-10-05,166,278,112,LOW,HIGH,S1,S2,70.26724744597142,-148.01148363893853,5623.18457553229
633625,2023-06-18,2023-10-05,169,278,109,HIGH,HIGH,S2,S2,70.26632876372292,-148.5835991074487,5767.964385758375
633659,2023-06-15,2023-10-01,166,274,108,LOW,LOW,S1,S1,70.26610876149485,-147.969151446902,24805.429683046088
633680,2023-06-18,2023-10-05,169,278,109,HIGH,HIGH,S2,S2,70.26854110187509,-148.3947952727524,681802.2165135709
633725,2023-06-18,2023-10-01,169,274,105,HIGH,LOW,S2,S1,70.26411848125817,-148.58116343304434,1253.5703388652512
633816,2023-06-24,2023-10-05,175,278,103,HIGH,HIGH,S2,S2,70.2620878900222,-148.37229171477316,1203.7560499450396
633840,2023-06-24,2023-09-20,175,263,88,HIGH,HIGH,S2,S2,70.26198643079829,-148.0346751434656,23821.451042259006
633907,2023-06-15,2023-09-26,166,269,103,LOW,HIGH,S1,S2,70.26277901465751,-149.20920621942648,131335.42359599646
633919,2023-06-18,2023-10-05,169,278,109,NONE,HIGH,MISSING,S2,70.25977294458356,-148.3916319059922,6176.812081715319
634109,2023-06-17,2023-09-19,168,262,94,NONE,MEDIUM,MISSING,S1,70.25869082469802,-148.76597211343918,709725.5276592637
634112,2023-06-13,2023-10-05,164,278,114,NONE,HIGH,MISSING,S2,70.2550756140946,-148.51396458359403,6198.0361099361335
634114,2023-06-13,2023-10-05,164,278,114,NONE,HIGH,MISSING,S2,70.25525290190876,-149.4638977119875,5392.245743971993
634222,2023-06-13,2023-10-05,164,278,114,NONE,HIGH,MISSING,S2,70.25289525232569,-148.6771638185737,1310.683611236709
634240,2023-06-12,2023-09-19,163,262,99,NONE,LOW,MISSING,S1,70.25256062331515,-149.88410591214685,5241.742747755646
634304,2023-06-13,2023-10-05,164,278,114,NONE,HIGH,MISSING,S2,70.25112965382756,-149.16766725936304,1384.055705238349
634333,2023-07-07,2023-09-26,188,269,81,HIGH,HIGH,S2,S2,70.25619464474357,-149.26587245182415,741881.1468742553
634360,2023-06-13,2023-09-07,164,250,86,NONE,MEDIUM,MISSING,S1,70.25007628633183,-149.07440129783632,1182.9919931549794
634437,2023-06-15,2023-10-05,166,278,112,MEDIUM,HIGH,S1,S2,70.24856272861508,-148.124933756363,6095.273976200004
634449,2023-06-13,2023-10-05,164,278,114,NONE,HIGH,MISSING,S2,70.24812097003742,-148.80448729088667,1181.8869280187885
634605,2023-06-13,2023-10-08,164,281,117,NONE,HIGH,MISSING,S2,70.24501103504647,-149.56715194533632,5856.973687984361
634725,2023-06-13,2023-10-01,164,274,110,NONE,LOW,MISSING,S1,70.24203573865778,-149.06120399923162,1180.2321581027754
634728,2023-06-27,2023-10-13,178,286,108,MEDIUM,MEDIUM,S1,S1,70.24194458913291,-149.9126123933933,27804.49878716638
634731,2023-06-13,2023-10-03,164,276,112,NONE,HIGH,MISSING,S2,70.24172221978928,-149.2640162127614,1281.3517398599024
634813,2023-06-13,2023-09-19,164,262,98,NONE,LOW,MISSING,S1,70.23944032779451,-149.17849913562023,1288.577166569221
634883,2023-06-13,2023-10-08,164,281,117,NONE,HIGH,MISSING,S2,70.23799384123592,-149.47073626343482,6075.383728488771
634890,2023-06-15,2023-10-05,166,278,112,MEDIUM,HIGH,S1,S2,70.23742089236643,-148.4555470459341,5737.560947555077
634902,2023-06-13,2023-10-05,164,278,114,NONE,HIGH,MISSING,S2,70.2371334893915,-148.9306653267142,1257.0879356102005
634941,2023-06-18,2023-10-05,169,278,109,NONE,HIGH,MISSING,S2,70.23648839075157,-147.9988717203531,5264.026936665636
634950,2023-06-13,2023-10-05,164,278,114,NONE,HIGH,MISSING,S2,70.23611864742055,-148.83728802776474,5245.999690770564
634997,2023-06-15,2023-10-01,166,274,108,MEDIUM,MEDIUM,S1,S1,70.2350267056754,-149.2350508542393,1281.9061133032658
635178,2023-06-18,2023-09-28,169,271,102,HIGH,NONE,S2,MISSING,70.22993034622482,-148.0657083662662,23877.448208033864
635187,2023-06-13,2023-10-05,164,278,114,NONE,HIGH,MISSING,S2,70.22962491396645,-148.68101961598774,5261.030821910342
635190,2023-06-18,2023-10-05,169,278,109,HIGH,HIGH,S2,S2,70.22980907373281,-147.9992263803623,5402.050647097227
635265,2023-06-28,2023-10-03,179,276,97,NONE,HIGH,MISSING,S2,70.2295176151093,-149.32146309327018,128679.72395951718
635283,2023-06-25,2023-09-26,176,269,93,NONE,HIGH,MISSING,S2,70.22718263417991,-148.02868000748433,25385.61671109376
635322,2023-06-13,2023-10-05,164,278,114,NONE,HIGH,MISSING,S2,70.22576057436851,-149.35692801781389,5506.284163808468
635347,2023-06-13,2023-09-07,164,250,86,NONE,LOW,MISSING,S1,70.225000723731,-149.3221945481137,1272.3721652831096
635379,2023-06-13,2023-10-01,164,274,110,NONE,MEDIUM,MISSING,S1,70.22461245386022,-149.3184377664236,1177.8761002922763
635408,2023-06-13,2023-10-05,164,278,114,NONE,HIGH,MISSING,S2,70.22359255160971,-149.11442174091724,6025.825201069452
635464,2023-06-13,2023-10-05,164,278,114,NONE,HIGH,MISSING,S2,70.22243219031388,-149.12773935381364,6093.029126545565
635492,2023-06-15,2023-10-05,166,278,112,MEDIUM,HIGH,S1,S2,70.22298820284789,-148.7365509147943,26420.9196443611
635524,2023-06-13,2023-10-05,164,278,114,NONE,HIGH,MISSING,S2,70.22087600851837,-148.9551268772561,5253.1329351777
635577,2023-06-17,2023-09-25,168,268,100,NONE,HIGH,MISSING,S2,70.2237260932072,-148.86328688549605,656739.5366532058
635590,2023-06-13,2023-10-05,164,278,114,NONE,HIGH,MISSING,S2,70.21919787415258,-148.77492394341098,5298.370349855664
635610,2023-06-18,2023-10-01,169,274,105,MEDIUM,LOW,S2_PARTIAL,S1,70.21980650434959,-148.49456423403225,23492.727445272307
635716,2023-06-13,2023-10-01,164,274,110,NONE,LOW,MISSING,S1,70.21719475246616,-149.36091464338938,24283.314794540885
635723,2023-06-18,2023-10-05,169,278,109,HIGH,HIGH,S2,S2,70.2169472647271,-148.06869567281225,6058.146379185208
635772,2023-06-18,2023-10-01,169,274,105,HIGH,LOW,S2,S1,70.21567567868196,-148.10565153045638,27437.20397091473
635793,2023-06-13,2023-10-08,164,281,117,NONE,HIGH,MISSING,S2,70.21479275552784,-149.44361774472304,1181.866846673064
635803,2023-06-15,2023-10-05,166,278,112,MEDIUM,HIGH,S1,S2,70.21506481851227,-148.88189874965997,27708.31358754254
635869,2023-06-13,2023-10-05,164,278,114,NONE,HIGH,MISSING,S2,70.21271039149075,-149.16665084942474,1305.01133793431
635903,2023-06-15,2023-10-13,166,286,120,MEDIUM,MEDIUM,S1,S1,70.2118697852679,-148.3131650532066,1182.216477729826
635976,2023-07-07,2023-09-26,188,269,81,HIGH,HIGH,S2,S2,70.21768300483375,-149.31574019661417,675469.878036593
635977,2023-06-28,2023-10-05,179,278,99,HIGH,HIGH,S2,S2,70.21213816290813,-149.5367366519343,131551.54002994657
636046,2023-06-15,2023-10-13,166,286,120,MEDIUM,MEDIUM,S1,S1,70.20880446810743,-148.4935628470048,24600.46864180665
636052,2023-06-13,2023-09-07,164,250,86,NONE,LOW,MISSING,S1,70.20886691011417,-149.49100087243428,1398.5829969038298
636056,2023-06-13,2023-10-01,164,274,110,NONE,LOW,MISSING,S1,70.20919861661781,-148.42586460540534,6165.111441060887
636193,2023-06-13,2023-10-13,164,286,122,NONE,MEDIUM,MISSING,S1,70.20538604825725,-148.57140712382107,1378.514960692689
636231,2023-06-13,2023-10-01,164,274,110,NONE,LOW,MISSING,S1,70.20488422147939,-149.07813446240334,23040.421775822248
636235,2023-06-12,2023-10-13,163,286,123,NONE,MEDIUM,MISSING,S1,70.20516895358006,-149.93502377089385,5849.74714887667
636338,2023-06-13,2023-10-13,164,286,122,NONE,LOW,MISSING,S1,70.20386165448724,-148.41635644397974,128196.48057382077
636419,2023-06-13,2023-09-19,164,262,98,NONE,LOW,MISSING,S1,70.20090130152035,-148.5219612551918,1352.4185747375232
636431,2023-06-18,2023-10-13,169,286,117,NONE,MEDIUM,MISSING,S1,70.20091609807454,-148.06727556315914,6257.517558275656
636503,2023-06-13,2023-10-13,164,286,122,NONE,MEDIUM,MISSING,S1,70.19995611709128,-148.26986083984073,5235.294701885979
636516,2023-06-15,2023-10-01,166,274,108,MEDIUM,LOW,S1,S1,70.19947134529951,-149.17675538395702,23513.274149235385
636531,2023-06-13,2023-10-13,164,286,122,NONE,MEDIUM,MISSING,S1,70.19846493938861,-148.7415041023683,1246.0209790693598
636685,2023-06-15,2023-10-01,166,274,108,MEDIUM,LOW,S1,S1,70.19557767220087,-149.4887681546128,1187.8957193695865
636764,2023-06-15,2023-10-13,166,286,120,MEDIUM,MEDIUM,S1,S1,70.19476256730267,-149.26937693159223,23366.61343775236
636823,2023-06-13,2023-10-13,164,286,122,NONE,MEDIUM,MISSING,S1,70.19247263106881,-149.30769142911404,1186.5570429785564
636859,2023-06-13,2023-10-01,164,274,110,NONE,LOW,MISSING,S1,70.19199451775687,-148.14160842184944,5284.243888696772
636907,2023-06-13,2023-10-13,164,286,122,NONE,MEDIUM,MISSING,S1,70.19100206793857,-148.67944642395443,6027.3747149550645
636920,2023-06-27,2023-10-13,178,286,108,LOW,MEDIUM,S1,S1,70.1907163826899,-148.79367666941545,1323.0379861682047
636984,2023-06-13,2023-10-01,164,274,110,NONE,LOW,MISSING,S1,70.18928231382056,-148.98572036862797,5517.758016287717
636993,2023-06-13,2023-10-13,164,286,122,NONE,MEDIUM,MISSING,S1,70.18942347792982,-148.56135396177353,5589.483547431558
637021,2023-06-15,2023-10-13,166,286,120,MEDIUM,MEDIUM,S1,S1,70.18885777289834,-149.2570284841737,5574.671711325611
637060,2023-06-18,2023-10-13,169,286,117,NONE,MEDIUM,MISSING,S1,70.18746622702942,-149.93354774202945,1226.760821816422
637082,2023-06-13,2023-10-13,164,286,122,NONE,MEDIUM,MISSING,S1,70.18746670536319,-148.61924978258364,6198.663424908244
637103,2023-06-15,2023-10-01,166,274,108,MEDIUM,LOW,S1,S1,70.18733569989274,-148.16934376545746,5578.529656020887
637135,2023-06-13,2023-10-13,164,286,122,NONE,MEDIUM,MISSING,S1,70.18691778285132,-149.200407783835,23180.48151318715
637169,2023-06-13,2023-10-13,164,286,122,NONE,MEDIUM,MISSING,S1,70.18701294151882,-148.153081620686,118971.664662543
637207,2023-06-13,2023-10-13,164,286,122,NONE,MEDIUM,MISSING,S1,70.18529322407275,-149.27340047564076,27780.791892192046
637279,2023-06-15,2023-10-13,166,286,120,MEDIUM,MEDIUM,S1,S1,70.18306223786418,-148.80880650786426,5591.094822362723
637316,2023-06-13,2023-10-13,164,286,122,NONE,MEDIUM,MISSING,S1,70.18339989377675,-148.4841828201793,127640.69530323632
637353,2023-06-13,2023-10-13,164,286,122,NONE,MEDIUM,MISSING,S1,70.18185049338697,-148.6593764747534,5281.617054931752
637358,2023-06-15,2023-10-13,166,286,120,MEDIUM,MEDIUM,S1,S1,70.18571507782872,-148.72633368946558,761189.4779551517
637538,2023-06-13,2023-10-13,164,286,122,NONE,MEDIUM,MISSING,S1,70.17839589184969,-149.0294186689842,5177.281043745204
637623,2023-06-15,2023-10-13,166,286,120,MEDIUM,MEDIUM,S1,S1,70.17747262857606,-149.13665296407683,5952.549786523322
637863,2023-06-13,2023-10-13,164,286,122,NONE,MEDIUM,MISSING,S1,70.17405614391987,-148.74851418178267,23802.153871903745
638126,2023-06-18,2023-10-13,169,286,117,NONE,MEDIUM,MISSING,S1,70.16967654400491,-149.78221879838154,1391.2098615426694
638133,2023-06-13,2023-10-13,164,286,122,NONE,MEDIUM,MISSING,S1,70.17035637130509,-148.88654955020138,24268.459798478518
638256,2023-06-13,2023-10-13,164,286,122,NONE,LOW,MISSING,S1,70.16886040510516,-148.46548426913589,120028.55970252473
638278,2023-06-27,2023-10-13,178,286,108,MEDIUM,MEDIUM,S1,S1,70.16708750320475,-149.02633411326616,5212.9000363667055
638288,2023-06-27,2023-10-13,178,286,108,MEDIUM,MEDIUM,S1,S1,70.16689610574119,-149.14336133395582,5156.575368866011
638332,2023-06-27,2023-10-01,178,274,96,MEDIUM,LOW,S1,S1,70.16628815013208,-148.949435286852,5528.761406204256
638542,2023-06-18,2023-10-13,169,286,117,NONE,MEDIUM,MISSING,S1,70.16327003933272,-147.97332971093303,5424.404707138042
638599,2023-06-27,2023-10-13,178,286,108,MEDIUM,MEDIUM,S1,S1,70.16243687392536,-149.51067530838094,1358.570976684956
638820,2023-06-28,2023-10-01,179,274,95,NONE,LOW,MISSING,S1,70.15925456120739,-148.76585038417937,5184.031123438027
638927,2023-06-27,2023-10-13,178,286,108,MEDIUM,LOW,S1,S1,70.1585529947461,-149.48353751028114,24727.6306496572
638954,2023-06-18,2023-09-07,169,250,81,NONE,LOW,MISSING,S1,70.15753820894021,-149.16537274074153,1256.7368961537338
639062,2023-06-18,2023-10-13,169,286,117,NONE,MEDIUM,MISSING,S1,70.15637098735093,-148.96323982990452,5952.487975972285
639092,2023-06-18,2023-10-13,169,286,117,NONE,MEDIUM,MISSING,S1,70.15591500788477,-149.13892553547203,5286.108096691917
639286,2023-06-24,2023-10-01,175,274,99,NONE,LOW,MISSING,S1,70.15382052130722,-148.34860489693511,5135.03512036226
639499,2023-06-15,2023-10-01,166,274,108,MEDIUM,LOW,S1,S1,70.15093321616996,-149.27080724754475,1299.01189701851
639603,2023-06-15,2023-10-13,166,286,120,MEDIUM,MEDIUM,S1,S1,70.15072725932265,-149.34197454687734,27004.316602898216
639785,2023-06-17,2023-10-13,168,286,118,NONE,MEDIUM,MISSING,S1,70.14832120259409,-148.6857520739318,24717.8024108916
639817,2023-06-15,2023-10-13,166,286,120,MEDIUM,MEDIUM,S1,S1,70.1473500847606,-149.53100934840617,1322.4024980975346
640156,2023-06-18,2023-10-13,169,286,117,NONE,MEDIUM,MISSING,S1,70.14382912299465,-149.06717894982918,23865.18685617217
640287,2023-06-18,2023-10-01,169,274,105,NONE,MEDIUM,MISSING,S1,70.14226717311298,-148.83633199786988,1289.4768459274717
640352,2023-06-15,2023-10-13,166,286,120,MEDIUM,MEDIUM,S1,S1,70.14187224101416,-149.42458980680053,25376.300385847306
640484,2023-06-17,2023-10-13,168,286,118,NONE,MEDIUM,MISSING,S1,70.13970451273904,-148.59017526330294,1331.6480617233976
640549,2023-06-18,2023-10-13,169,286,117,NONE,MEDIUM,MISSING,S1,70.13911848398334,-149.04075066449568,1288.101174010977
640834,2023-06-17,2023-10-13,168,286,118,NONE,MEDIUM,MISSING,S1,70.13688814039064,-148.56214926516506,26561.1985781281
640845,2023-06-18,2023-10-13,169,286,117,NONE,MEDIUM,MISSING,S1,70.13648726069441,-149.0348451449062,23175.138297300746
640848,2023-06-24,2023-10-13,175,286,111,NONE,MEDIUM,MISSING,S1,70.13806054236166,-148.48764338933145,123532.62152431224
640881,2023-06-18,2023-10-13,169,286,117,NONE,MEDIUM,MISSING,S1,70.13528235895278,-148.8772781976512,6103.640432332564
640961,2023-06-24,2023-10-13,175,286,111,NONE,MEDIUM,MISSING,S1,70.13469370065157,-148.34256845616,24605.49407609439
641022,2023-06-18,2023-10-01,169,274,105,NONE,LOW,MISSING,S1,70.13386372305345,-148.9009400953446,27795.388240067063
641219,2023-06-24,2023-10-13,175,286,111,NONE,MEDIUM,MISSING,S1,70.1312061666796,-148.5071564955903,25329.02921593617
641677,2023-06-18,2023-10-13,169,286,117,NONE,MEDIUM,MISSING,S1,70.12554589091039,-148.820519399445,22806.335029311384
641697,2023-06-24,2023-10-13,175,286,111,NONE,MEDIUM,MISSING,S1,70.12429584695893,-148.01070590685762,1290.8618315339866
641815,2023-06-24,2023-10-13,175,286,111,NONE,MEDIUM,MISSING,S1,70.12377559119619,-148.34930424466566,135505.4683722149
641960,2023-06-15,2023-10-13,166,286,120,MEDIUM,MEDIUM,S1,S1,70.12061038093374,-149.38976384375334,22866.998640565645
641963,2023-06-18,2023-10-13,169,286,117,NONE,MEDIUM,MISSING,S1,70.12022770855924,-148.99219977148178,25888.93579914202
642111,2023-06-24,2023-10-13,175,286,111,NONE,MEDIUM,MISSING,S1,70.11752994424454,-147.9967407302215,1326.2189092764802
642122,2023-06-24,2023-10-01,175,274,99,NONE,LOW,MISSING,S1,70.11728858053561,-148.17674131992223,5291.269216649989
642191,2023-06-17,2023-10-13,168,286,118,NONE,MEDIUM,MISSING,S1,70.11652103723097,-148.71693050695055,6003.790462684839
642204,2023-06-24,2023-10-13,175,286,111,NONE,MEDIUM,MISSING,S1,70.11608192970372,-148.4792199628301,6049.125412031062
642205,2023-06-24,2023-09-19,175,262,87,NONE,LOW,MISSING,S1,70.11587982042509,-147.9584050771106,1381.225186696324
642448,2023-06-18,2023-09-19,169,262,93,NONE,LOW,MISSING,S1,70.11244923743271,-149.0252265794534,1299.7552534913125
642536,2023-06-15,2023-10-13,166,286,120,MEDIUM,MEDIUM,S1,S1,70.11114081188602,-149.93871255087956,6174.4245381885685
642569,2023-06-17,2023-10-13,168,286,118,NONE,MEDIUM,MISSING,S1,70.11020859203306,-148.59237437569183,5229.513604681711
643019,2023-06-15,2023-10-13,166,286,120,MEDIUM,MEDIUM,S1,S1,70.10382678238672,-149.48288987801936,25097.720996071992
643190,2023-06-15,2023-10-13,166,286,120,MEDIUM,MEDIUM,S1,S1,70.10019139544077,-149.26663600610817,5452.899251309244
643201,2023-06-15,2023-09-19,166,262,96,MEDIUM,LOW,S1,S1,70.10020674953762,-149.43867433930083,1332.3482212079973
643215,2023-06-17,2023-10-13,168,286,118,NONE,MEDIUM,MISSING,S1,70.10016363384707,-148.728112068521,5661.911538132587
643309,2023-06-18,2023-10-13,169,286,117,NONE,MEDIUM,MISSING,S1,70.09906344048245,-149.07363842490432,23515.212115317456
643575,2023-06-18,2023-10-13,169,286,117,NONE,MEDIUM,MISSING,S1,70.09718307927491,-148.8388371845722,741925.1495034794
643582,2023-06-17,2023-10-13,168,286,118,NONE,MEDIUM,MISSING,S1,70.09328390429741,-148.61098640557634,24918.137346988824
643793,2023-06-24,2023-10-13,175,286,111,NONE,MEDIUM,MISSING,S1,70.08886418569297,-148.1860888065485,1291.2114077022677
643862,2023-06-24,2023-10-13,175,286,111,NONE,MEDIUM,MISSING,S1,70.0876829796343,-147.9902983686064,5370.919560316973
644004,2023-06-15,2023-10-13,166,286,120,MEDIUM,MEDIUM,S1,S1,70.08483989081779,-149.50324000997364,1190.6958207303326
644275,2023-06-15,2023-10-01,166,274,108,MEDIUM,LOW,S1,S1,70.07912490059329,-149.36451908418735,1286.5679464010298
644561,2023-06-18,2023-10-01,169,274,105,NONE,LOW,MISSING,S1,70.07280733764127,-149.07833093515734,5185.296924049464
644582,2023-06-24,2023-10-01,175,274,99,NONE,LOW,MISSING,S1,70.07236582081148,-147.9812036092751,5874.097364790867
644619,2023-06-18,2023-10-13,169,286,117,NONE,MEDIUM,MISSING,S1,70.07147995211908,-148.87746438597793,1349.367664404145
644741,2023-06-15,2023-10-13,166,286,120,LOW,MEDIUM,S1,S1,70.06899004030622,-149.42726190553427,6242.269080272984
644780,2023-06-15,2023-10-13,166,286,120,MEDIUM,LOW,S1,S1,70.0681777865108,-149.46994843105546,27149.94545492584
644872,2023-06-17,2023-10-01,168,274,106,NONE,LOW,MISSING,S1,70.06652164709904,-148.74056872352398,25114.36019247237
645210,2023-06-15,2023-10-13,166,286,120,MEDIUM,MEDIUM,S1,S1,70.05919324390051,-149.89070357202246,5518.838470495221
645228,2023-06-24,2023-10-13,175,286,111,NONE,MEDIUM,MISSING,S1,70.06142188169507,-147.94627957458883,114049.8236767773
645571,2023-06-17,2023-09-07,168,250,82,NONE,LOW,MISSING,S1,70.04940555217841,-148.11875505267278,1337.5589357482438
645583,2023-06-15,2023-10-01,166,274,108,MEDIUM,LOW,S1,S1,70.0494001023848,-149.85987204969987,1192.7171258276771
645665,2023-06-15,2023-10-01,166,274,108,MEDIUM,LOW,S1,S1,70.05073444769035,-148.75228032875833,760118.1052868722
645887,2023-06-15,2023-10-13,166,286,120,MEDIUM,MEDIUM,S1,S1,70.0414405879877,-149.14327509948987,5686.587786616674
645952,2023-06-17,2023-10-01,168,274,106,NONE,LOW,MISSING,S1,70.04225581274483,-147.98459225813986,113406.47282929908
646447,2023-06-15,2023-10-25,166,298,132,MEDIUM,MEDIUM,S1,S1,70.02718650399734,-148.9826765243933,1231.0187630707317
646484,2023-06-15,2023-11-06,166,310,144,MEDIUM,LOW,S1,S1,70.02651613590018,-149.12713211100302,5595.705611694987
646487,2023-06-15,2023-10-13,166,286,120,MEDIUM,MEDIUM,S1,S1,70.02618714754395,-149.09299207527928,5168.064573625149
646545,2023-06-15,2023-10-13,166,286,120,MEDIUM,MEDIUM,S1,S1,70.0250267280225,-149.05453448460702,5528.180948471481
646554,2023-06-15,2023-10-13,166,286,120,MEDIUM,MEDIUM,S1,S1,70.02426590977288,-149.840378615726,1238.0498237540762
646572,2023-06-15,2023-10-13,166,286,120,MEDIUM,MEDIUM,S1,S1,70.02404464090168,-149.6412265255796,1321.9191651593476
646643,2023-06-15,2023-10-13,166,286,120,LOW,MEDIUM,S1,S1,70.02281058537532,-149.9789015056518,25399.999943879084
646686,2023-06-15,2023-10-13,166,286,120,MEDIUM,MEDIUM,S1,S1,70.02063602628074,-149.11401145245574,5846.87633938347
646698,2023-06-15,2023-10-13,166,286,120,MEDIUM,MEDIUM,S1,S1,70.02013731582726,-148.96429026810378,5902.25976907491
646753,2023-06-27,2023-10-13,178,286,108,MEDIUM,MEDIUM,S1,S1,70.01870908079518,-149.08795982629064,1203.0287711748636
647034,2023-06-15,2023-10-13,166,286,120,MEDIUM,MEDIUM,S1,S1,70.00943417754047,-148.77277958143904,1272.651018665781
744935,2023-06-12,2023-10-13,163,286,123,NONE,MEDIUM,MISSING,S1,70.32582331693149,-150.00266384559055,118426.94643446284
